date;indicateur;pays;iso;CM;BPCE;CA;BNP;SG
2015-12-31;resultats/effectifs;Monténégro;ME;;;;;2800000.00
2015-12-31;impot courant;Ukraine;UA;;;-40000000;;
2015-12-31;Effectif;Canada;CA;;40;64;336;53
2014-12-31;Total filiales;Italie;IT;2;6;23;41;13
2014-12-31;impot sur bénéfice;Australie;AU;;-10000000;-120000000;-190000000;10000000
2014-12-31;resultats/effectifs;Lituanie;LT;;769230.77;;;
2014-12-31;Effectif;Allemagne;DE;6960;715;1110;4163;3115
2014-12-31;impot sur bénéfice;Egypte;EG;;;-330000000;;
2014-12-31;resultats/pnb;Îles Caïmans;KY;1.00;1.00;1.00;1.33;
2015-12-31;resultats/pnb;Allemagne;DE;0.23;0.41;0.32;0.31;0.04
2015-12-31;impot courant;Roumanie;RO;;;;-30000000;-60000000
2014-12-31;impot sur bénéfice;Thaïlande;TH;;;;-30000000;
2015-12-31;impot sur bénéfice;Royaume-Uni;GB;-60000000;-470000000;-450000000;-620000000;-2230000000
2015-12-31;impot courant;Allemagne;DE;-1130000000;;-460000000;-700000000;-620000000
2015-12-31;resultats/effectifs;Gibraltar;GI;;;;;1578947.37
2014-12-31;NB filiales CBCR;Jersey;JE;;1;;5;16
2014-12-31;impot sur bénéfice;Burkina Faso;BF;;;;-10000000;-10000000
2014-12-31;NB filiales CBCR;Malte;MT;;1;;;2
2014-12-31;NB filiales périmètre en +;Tunisie;TN;;;1;;
2014-12-31;Produit Net Bancaire;Taïwan;TW;;20000000;330000000;1350000000;320000000
2015-12-31;resultats/effectifs;Algérie;DZ;;305039.79;2400000.00;376266.28;5547945.21
2014-12-31;NB filiales CBCR;Singapour;SG;3;7;3;7;4
2015-12-31;Resultat avant impot;Roumanie;RO;;30000000;-40000000;130000000;1440000000
2014-12-31;Resultat avant impot;Canada;CA;;90000000;-20000000;280000000;120000000
2014-12-31;Total filiales;Ghana;GH;;;;;1
2015-12-31;Resultat avant impot;Burkina Faso;BF;;;;50000000;50000000
2015-12-31;resultats/pnb;Roumanie;RO;;0.43;;0.25;0.02
2014-12-31;resultats/pnb;Irlande;IE;;0.80;0.73;0.82;2.60
2015-12-31;Resultat avant impot;Lettonie;LV;;;;;10000000
2014-12-31;resultats/pnb;Sénégal;SN;;;;0.27;
2014-12-31;Effectif;Australie;AU;;18;29;458;26
2015-12-31;impot différé;Sénégal;SN;;;;;-120000000
2014-12-31;resultats/pnb;Jersey;JE;;;;0.64;0.33
2014-12-31;Resultat avant impot;Hong-Kong;HK;;250000000;380000000;310000000;3420000000
2014-12-31;impot courant;Sénégal;SN;;;;-20000000;
2015-12-31;Resultat avant impot;Suisse;CH;200000000;60000000;-4080000000;420000000;-50000000
2015-12-31;Produit Net Bancaire;Albanie;AL;;;;;3950000000
2014-12-31;Effectif;Mali;ML;;;;102;
2015-12-31;impot courant;Australie;AU;;;-140000000;-60000000;
2014-12-31;Total filiales;Maurice;MU;;2;1;;1
2014-12-31;resultats/pnb;Singapour;SG;0.29;0.57;0.37;0.29;0.77
2014-12-31;NB filiales CBCR;Lettonie;LV;;1;;;1
2015-12-31;resultats/effectifs;Macédoine;MK;;;;;3478260.87
2014-12-31;Resultat avant impot;Afrique du Sud;ZA;;;;30000000;60000000
2014-12-31;impot sur bénéfice;Djibouti;DJ;;-10000000;;;
2014-12-31;impot courant;Tchad;TD;;;;;-10000000
2015-12-31;resultats/effectifs;Espagne;ES;701058.20;2608695.65;3220338.98;1859620.81;4358288.77
2015-12-31;resultats/effectifs;Afrique du Sud;ZA;;;;254237.29;5000000.00
2014-12-31;Total filiales;Monaco;MC;2;;2;2;4
2015-12-31;impot sur bénéfice;Allemagne;DE;-760000000;-300000000;;-1090000000;-330000000
2014-12-31;Effectif;Indonésie;ID;;;;126;
2015-12-31;impot différé;Russie;RU;;;;-30000000;160000000
2015-12-31;Effectif;Allemagne;DE;7071;713;1183;4496;711
2015-12-31;Resultat avant impot;Slovénie;SI;;;;;550000000
2015-12-31;impot différé;Indonésie;ID;;;;10000000;
2014-12-31;Resultat avant impot;Portugal;PT;530000000;40000000;560000000;930000000;110000000
2014-12-31;Total filiales;Laos;LA;;2;;;
2014-12-31;Effectif;Uruguay;UY;;1;22;;
2015-12-31;Resultat avant impot;Maroc;MA;650000000;-160000000;120000000;580000000;950000000
2014-12-31;Effectif;Malaisie;MY;;4;20;63;
2014-12-31;Produit Net Bancaire;Colombie;CO;;;;230000000;
2014-12-31;impot courant;Irlande;IE;;;-50000000;-160000000;
2014-12-31;Resultat avant impot;Finlande;FI;;;90000000;-20000000;430000000
2014-12-31;Effectif;Autriche;AT;;106;;170;54
2014-12-31;Total filiales;Malte;MT;;1;;;2
2015-12-31;resultats/effectifs;Ukraine;UA;;;82179.93;;
2015-12-31;resultats/pnb;Canada;CA;;;;0.36;0.21
2014-12-31;Total filiales;Algérie;DZ;;1;1;2;2
2015-12-31;Produit Net Bancaire;Irlande;IE;;50000000;1980000000;2900000000;460000000
2015-12-31;resultats/effectifs;Italie;IT;;3702422.15;668728.26;400044.51;2533936.65
2014-12-31;resultats/effectifs;Croatie;HR;;;;;219328.31
2015-12-31;impot sur bénéfice;République Tchèque;CZ;;;;-130000000;-330000000
2014-12-31;impot différé;Afrique du Sud;ZA;;;;-10000000;
2014-12-31;Effectif;Ukraine;UA;;;2450;5900;
2014-12-31;Produit Net Bancaire;Thaïlande;TH;;50000000;;240000000;
2015-12-31;impot sur bénéfice;Chine;CN;;30000000;-80000000;-230000000;70000000
2015-12-31;impot sur bénéfice;Algérie;DZ;;-60000000;;-130000000;-190000000
2014-12-31;NB filiales CBCR;Bénin;BJ;;;;;1
2015-12-31;impot sur bénéfice;Australie;AU;;;-160000000;;-10000000
2015-12-31;resultats/pnb;Tunisie;TN;;0.10;;0.19;0.03
2014-12-31;Produit Net Bancaire;Hong-Kong;HK;;1240000000;1890000000;5540000000;6730000000
2014-12-31;Produit Net Bancaire;Curaçao;CW;;;;;10000000
2015-12-31;Produit Net Bancaire;Serbie;RS;;;320000000;480000000;13020000000
2014-12-31;Produit Net Bancaire;Japon;JP;;280000000;1680000000;3510000000;3060000000
2015-12-31;Effectif;Australie;AU;;27;30;470;12
2014-12-31;resultats/effectifs;Tunisie;TN;;133630.29;;227827.50;276647.68
2015-12-31;Produit Net Bancaire;Monténégro;ME;;;;;2690000000
2015-12-31;Resultat avant impot;Togo;TG;;;;;-10000000
2014-12-31;Effectif;Macédoine;MK;;;;;375
2015-12-31;impot courant;États-Unis;US;-80000000;;-10000000;-2640000000;30000000
2015-12-31;Effectif;Autriche;AT;;103;42;181;10
2014-12-31;Resultat avant impot;Ghana;GH;;;;;110000000
2014-12-31;resultats/pnb;Bénin;BJ;;;;;0.05
2014-12-31;resultats/effectifs;Émirats Arabes Unis;AE;;250000.00;1707317.07;1600000.00;506329.11
2015-12-31;Resultat avant impot;Equateur;EC;;-10000000;;;
2015-12-31;Produit Net Bancaire;Slovénie;SI;;;;;8480000000
2015-12-31;impot sur bénéfice;Egypte;EG;;;-360000000;;
2015-12-31;impot différé;Algérie;DZ;;;;-10000000;20000000
2014-12-31;Total filiales;Argentine;AR;1;1;;6;
2014-12-31;impot sur bénéfice;Monaco;MC;;-30000000;-20000000;;-210000000
2015-12-31;Resultat avant impot;Côte d'Ivoire;CI;;;;170000000;460000000
2015-12-31;Effectif;Maroc;MA;;4;2530;3158;421
2014-12-31;NB filiales CBCR;Equateur;EC;;1;;;
2014-12-31;Resultat avant impot;Roumanie;RO;;30000000;-90000000;120000000;240000000
2015-12-31;Produit Net Bancaire;Danemark;DK;;110000000;;590000000;1580000000
2015-12-31;impot sur bénéfice;Guinée;GN;;;;;-60000000
2014-12-31;Effectif;Philippines;PH;;;;12;
2014-12-31;Resultat avant impot;Lettonie;LV;;;;;10000000
2015-12-31;impot différé;France;FR;-40000000;;1580000000;-4120000000;-3840000000
2014-12-31;impot différé;Canada;CA;;;;-20000000;10000000
2015-12-31;Effectif;Corée du Sud;KR;;;75;352;128
2014-12-31;Produit Net Bancaire;Corée du Sud;KR;;;380000000;870000000;1170000000
2015-12-31;resultats/pnb;Koweït;KW;;;;0.88;
2015-12-31;Effectif;Jersey;JE;;;;221;69
2014-12-31;Total filiales;Pologne;PL;;5;13;15;7
2014-12-31;NB filiales CBCR;Croatie;HR;;;;;3
2014-12-31;impot sur bénéfice;Turquie;TR;;;;-760000000;
2014-12-31;NB filiales CBCR;Bermudes;BM;;;1;1;2
2015-12-31;resultats/effectifs;Corée du Sud;KR;;;133333.33;369318.18;4531250.00
2015-12-31;impot différé;Maroc;MA;;;10000000;-20000000;90000000
2014-12-31;NB filiales CBCR;Tunisie;TN;2;8;;1;1
2014-12-31;Resultat avant impot;Croatie;HR;;;;;320000000
2014-12-31;impot différé;Espagne;ES;20000000;;-30000000;290000000;-70000000
2014-12-31;impot différé;Algérie;DZ;;;;30000000;-30000000
2015-12-31;Effectif;Brésil;BR;;97;131;1394;156
2014-12-31;resultats/pnb;Lituanie;LT;;0.50;;;
2015-12-31;impot courant;Koweït;KW;;;;-10000000;
2014-12-31;Resultat avant impot;Sénégal;SN;;;;130000000;-340000000
2014-12-31;Resultat avant impot;Tunisie;TN;150000000;60000000;;280000000;340000000
2014-12-31;Resultat avant impot;Jersey;JE;;;;390000000;200000000
2015-12-31;impot courant;Maroc;MA;;;-60000000;-230000000;-460000000
2014-12-31;Effectif;Suisse;CH;350;71;1180;1500;709
2014-12-31;Total filiales;Serbie;RS;;;1;2;2
2014-12-31;impot sur bénéfice;Algérie;DZ;;-90000000;-20000000;-160000000;-180000000
2014-12-31;resultats/effectifs;Russie;RU;;1000000.00;709677.42;1052631.58;89192.03
2015-12-31;Produit Net Bancaire;Hong-Kong;HK;;1130000000;1990000000;6740000000;10710000000
2015-12-31;resultats/effectifs;Belgique;BE;793928.78;1311475.41;2075471.70;1050175.03;4496644.30
2014-12-31;impot différé;Ukraine;UA;;;-30000000;;
2014-12-31;resultats/effectifs;Indonésie;ID;;;;2539682.54;
2015-12-31;resultats/effectifs;Île Maurice;MU;;72727.27;;;
2015-12-31;Effectif;Indonésie;ID;;;;135;
2015-12-31;impot sur bénéfice;Congo;CG;;-40000000;;;
2014-12-31;Resultat avant impot;Géorgie;GE;;;;;150000000
2015-12-31;resultats/effectifs;Argentine;AR;;;;2809917.36;
2014-12-31;resultats/pnb;Brésil;BR;;0.55;0.24;0.34;
2015-12-31;resultats/effectifs;Cameroun;CM;;384615.38;;;3875000.00
2014-12-31;Produit Net Bancaire;Canada;CA;;130000000;;530000000;490000000
2014-12-31;resultats/effectifs;Taïwan;TW;;1000000.00;1037735.85;1814058.96;6774193.55
2015-12-31;Effectif;Laos;LA;;165;;;
2014-12-31;Effectif;Côte d'Ivoire;CI;;;;568;1147
2014-12-31;impot courant;Russie;RU;;;-20000000;-130000000;-410000000
2015-12-31;resultats/effectifs;Tunisie;TN;;81799.59;;113821.14;4117647.06
2015-12-31;Produit Net Bancaire;Suisse;CH;1030000000;340000000;3960000000;5230000000;7520000000
2014-12-31;Effectif;Tunisie;TN;;449;;1229;1229
2015-12-31;Effectif;Bénin;BJ;;;;;22
2014-12-31;NB filiales CBCR;Koweït;KW;;;;1;
2015-12-31;impot courant;Bulgarie;BG;;;;-20000000;-50000000
2015-12-31;resultats/pnb;Afrique du Sud;ZA;;;;0.23;0.08
2015-12-31;impot courant;Portugal;PT;-210000000;;-320000000;-220000000;-20000000
2014-12-31;Total filiales;Djibouti;DJ;;1;;;
2015-12-31;impot courant;Norvège;NO;;;;-20000000;20000000
2015-12-31;Resultat avant impot;Brésil;BR;;20000000;160000000;2250000000;-270000000
2015-12-31;impot courant;Finlande;FI;;;-10000000;;-70000000
2015-12-31;impot sur bénéfice;Djibouti;DJ;;20000000;;;
2014-12-31;impot courant;Brésil;BR;;;-40000000;-870000000;-290000000
2014-12-31;Produit Net Bancaire;Danemark;DK;;170000000;;230000000;570000000
2014-12-31;resultats/effectifs;Macédoine;MK;;;;;106666.67
2014-12-31;Total filiales;Qatar;QA;;;;1;
2015-12-31;resultats/pnb;Jersey;JE;;;;0.45;0.09
2015-12-31;impot courant;Thaïlande;TH;;;;-20000000;
2014-12-31;Resultat avant impot;Koweït;KW;;;;30000000;
2014-12-31;NB filiales périmètre en +;Belgique;BE;1;;6;;
2015-12-31;Produit Net Bancaire;Inde;IN;;;440000000;1710000000;46050000000
2015-12-31;Resultat avant impot;Bulgarie;BG;;10000000;;150000000;430000000
2015-12-31;Resultat avant impot;Norvège;NO;;;;-10000000;640000000
2014-12-31;Total filiales;Belgique;BE;16;10;19;41;8
2014-12-31;NB filiales CBCR;Slovaquie;SK;1;1;1;3;5
2014-12-31;Total filiales;Indonésie;ID;;;;3;
2015-12-31;Resultat avant impot;Finlande;FI;;;50000000;-30000000;460000000
2015-12-31;resultats/pnb;Portugal;PT;0.58;0.16;0.55;0.48;0.11
2015-12-31;resultats/pnb;Bulgarie;BG;;1.00;;0.29;0.03
2015-12-31;resultats/pnb;Norvège;NO;;;;;0.19
2014-12-31;NB filiales périmètre en +;France;FR;54;;200;;7
2015-12-31;impot sur bénéfice;Belgique;BE;-160000000;-30000000;-70000000;-5590000000;-120000000
2015-12-31;Effectif;Albanie;AL;;;;;24
2015-12-31;resultats/pnb;Finlande;FI;;;0.50;;0.41
2015-12-31;impot différé;Pologne;PL;;;-100000000;80000000;-30000000
2014-12-31;NB filiales CBCR;Portugal;PT;1;2;3;9;1
2014-12-31;Total filiales;Cameroun;CM;;1;;;1
2014-12-31;NB filiales CBCR;Finlande;FI;;;1;5;2
2015-12-31;impot sur bénéfice;Cameroun;CM;;-140000000;;;-130000000
2014-12-31;resultats/effectifs;France;FR;941819.84;493771.95;40469.87;324653.66;61976.29
2015-12-31;resultats/effectifs;Koweït;KW;;;;3043478.26;
2014-12-31;resultats/pnb;Slovaquie;SK;;;0.50;0.44;0.73
2014-12-31;NB filiales CBCR;Taïwan;TW;;2;2;5;2
2014-12-31;Total filiales;Chili;CL;;2;;4;
2014-12-31;impot courant;Royaume-Uni;GB;-90000000;;-510000000;-590000000;-500000000
2014-12-31;Effectif;Koweït;KW;;;;27;
2015-12-31;Resultat avant impot;Sénégal;SN;;;;150000000;30000000
2015-12-31;resultats/effectifs;Serbie;RS;;;23148.15;224852.07;2857142.86
2015-12-31;impot sur bénéfice;Grèce;GR;;;;;10000000
2014-12-31;resultats/pnb;Albanie;AL;;;;;0.24
2015-12-31;resultats/pnb;Polynésie Française;PF;;0.34;;;0.01
2014-12-31;impot courant;France;FR;-12890000000;;4540000000;-9210000000;-3470000000
2015-12-31;impot différé;Belgique;BE;-30000000;;-10000000;-4730000000;-40000000
2015-12-31;impot sur bénéfice;Tchad;TD;;;;;-20000000
2014-12-31;Resultat avant impot;Taïwan;TW;;20000000;110000000;800000000;210000000
2014-12-31;NB filiales CBCR;Liban;LB;;1;;;1
2015-12-31;Effectif;Irlande;IE;;9;162;470;9
2014-12-31;Total filiales;Macédoine;MK;;;;;1
2015-12-31;resultats/effectifs;Indonésie;ID;;;;1629629.63;
2015-12-31;resultats/effectifs;Laos;LA;;60606.06;;;
2015-12-31;Resultat avant impot;Singapour;SG;130000000;290000000;530000000;2100000000;570000000
2015-12-31;impot différé;Cameroun;CM;;;;;-30000000
2014-12-31;impot courant;Thaïlande;TH;;;;-30000000;
2014-12-31;Produit Net Bancaire;Royaume-Uni;GB;430000000;2600000000;6510000000;23660000000;14520000000
2014-12-31;Produit Net Bancaire;Slovénie;SI;;;;;1080000000
2014-12-31;Produit Net Bancaire;Afrique du Sud;ZA;;40000000;;550000000;110000000
2014-12-31;resultats/effectifs;Argentine;AR;;392156.86;;2825112.11;
2014-12-31;resultats/pnb;Laos;LA;;0.40;;;
2015-12-31;Produit Net Bancaire;Île Maurice;MU;;160000000;;;
2014-12-31;Total filiales;Suisse;CH;5;5;9;7;8
2015-12-31;Resultat avant impot;Albanie;AL;;;;;10000000
2015-12-31;impot sur bénéfice;Vietnam;VN;;;;-10000000;
2015-12-31;resultats/pnb;Bénin;BJ;;;;;0.01
2014-12-31;impot sur bénéfice;États-Unis;US;-380000000;-2270000000;-420000000;-1650000000;-2220000000
2014-12-31;NB filiales CBCR;Roumanie;RO;;3;1;9;7
2014-12-31;Effectif;Taïwan;TW;;20;106;441;31
2014-12-31;Produit Net Bancaire;Congo;CG;;210000000;;;
2015-12-31;Produit Net Bancaire;Sénégal;SN;;;;500000000;7860000000
2014-12-31;impot courant;Maroc;MA;;;-110000000;-340000000;-590000000
2015-12-31;Effectif;Philippines;PH;;;;13;
2015-12-31;impot différé;Singapour;SG;;;;10000000;
2015-12-31;Effectif;Lituanie;LT;;15;;;
2014-12-31;Total filiales;République Tchèque;CZ;1;2;2;5;16
2014-12-31;resultats/pnb;Émirats Arabes Unis;AE;;0.10;0.35;0.52;0.24
2014-12-31;impot différé;Belgique;BE;-80000000;;;-4410000000;
2014-12-31;NB filiales CBCR;Japon;JP;;5;6;8;4
2014-12-31;impot courant;Singapour;SG;-20000000;;-80000000;-190000000;
2014-12-31;impot sur bénéfice;Italie;IT;;-260000000;-1090000000;-2030000000;-380000000
2015-12-31;Resultat avant impot;Irlande;IE;;20000000;1720000000;1640000000;390000000
2015-12-31;impot différé;Suède;SE;;;20000000;-10000000;60000000
2014-12-31;resultats/effectifs;Laos;LA;;121951.22;;;
2014-12-31;Produit Net Bancaire;Brésil;BR;10000000;200000000;510000000;6250000000;1950000000
2014-12-31;Resultat avant impot;Bulgarie;BG;;10000000;;170000000;350000000
2014-12-31;Resultat avant impot;Chili;CL;;;;320000000;
2014-12-31;Resultat avant impot;Norvège;NO;;;;20000000;610000000
2014-12-31;Resultat avant impot;Curaçao;CW;;;;;10000000
2014-12-31;Total filiales;Hong-Kong;HK;1;5;9;10;12
2014-12-31;impot sur bénéfice;Belgique;BE;-150000000;-10000000;-50000000;-4720000000;-150000000
2014-12-31;Produit Net Bancaire;Jersey;JE;;10000000;;610000000;600000000
2015-12-31;resultats/pnb;Croatie;HR;;;;;0.01
2015-12-31;impot courant;Géorgie;GE;;;;;-20000000
2015-12-31;Resultat avant impot;Philippines;PH;;;;10000000;
2014-12-31;impot sur bénéfice;Cameroun;CM;;-90000000;;;-90000000
2014-12-31;NB filiales périmètre en +;Brunei;BN;;;1;;
2014-12-31;impot différé;Bénin;BJ;;;;;10000000
2015-12-31;Produit Net Bancaire;Côte d'Ivoire;CI;;;;600000000;11340000000
2014-12-31;resultats/pnb;Maurice;MU;;0.12;;;
2015-12-31;Resultat avant impot;Géorgie;GE;;;;;220000000
2015-12-31;Resultat avant impot;Moldavie;MD;;;;;290000000
2015-12-31;resultats/pnb;Géorgie;GE;;;;;0.02
2014-12-31;impot courant;Nouvelle-Calédonie;NC;;;;;-170000000
2015-12-31;impot sur bénéfice;États-Unis;US;-470000000;-3430000000;150000000;-3560000000;-2550000000
2015-12-31;impot courant;Croatie;HR;;;;;-40000000
2014-12-31;NB filiales CBCR;Géorgie;GE;;;;;3
2015-12-31;Produit Net Bancaire;Pays-Bas;NL;;260000000;1210000000;3710000000;1760000000
2015-12-31;resultats/effectifs;Suisse;CH;647249.19;638297.87;;303249.10;
2014-12-31;NB filiales CBCR;Iles Vierges Britanniques;VG;;;;;1
2015-12-31;impot sur bénéfice;Israël;IL;;-10000000;;;
2014-12-31;Effectif;Botswana;BW;;;;9;
2014-12-31;resultats/effectifs;Algérie;DZ;;577200.58;3750000.00;473970.47;446175.64
2015-12-31;impot courant;Tunisie;TN;;;;-90000000;-130000000
2015-12-31;impot courant;Russie;RU;;;-40000000;-70000000;-150000000
2014-12-31;Resultat avant impot;Corée du Sud;KR;;;200000000;160000000;390000000
2015-12-31;Produit Net Bancaire;Maurice;MU;;;30000000;;
2014-12-31;NB filiales périmètre en +;Madagascar;MG;;;1;;
2014-12-31;resultats/effectifs;États-Unis;US;20119047.62;2468039.77;5548549.81;495144.30;892057.03
2015-12-31;Resultat avant impot;Canada;CA;;-40000000;;190000000;190000000
2014-12-31;Produit Net Bancaire;Albanie;AL;;;80000000;;210000000
2014-12-31;Effectif;Chili;CL;;42;;318;
2014-12-31;Total filiales;Côte d'Ivoire;CI;;;;1;2
2015-12-31;resultats/effectifs;Hong-Kong;HK;;98039.22;331753.55;;4367666.23
2014-12-31;NB filiales CBCR;Nouvelle-Calédonie;NC;;4;;;2
2015-12-31;resultats/pnb;Ghana;GH;;;;;0.02
2014-12-31;Total filiales;Mali;ML;;;;1;
2015-12-31;Produit Net Bancaire;Bahreïn;BH;;;;750000000;
2014-12-31;Resultat avant impot;Malte;MT;;10000000;;;
2014-12-31;resultats/pnb;Djibouti;DJ;;0.15;;;
2014-12-31;NB filiales périmètre en +;Brésil;BR;;;1;;
2014-12-31;NB filiales périmètre en +;Émirats Arabes Unis;AE;;;1;;
2015-12-31;impot sur bénéfice;Italie;IT;;-260000000;-2670000000;-2370000000;-520000000
2014-12-31;resultats/effectifs;Slovénie;SI;;;;;525686.98
2014-12-31;NB filiales CBCR;Chine;CN;;2;1;8;4
2015-12-31;resultats/effectifs;Bermudes;BM;;;;;10000000.00
2014-12-31;NB filiales périmètre en +;Suède;SE;;;3;;
2014-12-31;Produit Net Bancaire;Irlande;IE;;200000000;1320000000;1790000000;50000000
2015-12-31;Resultat avant impot;Thaïlande;TH;;;;10000000;
2014-12-31;Effectif;Ghana;GH;;;;;709
2015-12-31;resultats/pnb;Madagascar;MG;;0.57;;;0.04
2014-12-31;Total filiales;Hongrie;HU;1;2;;11;3
2014-12-31;resultats/effectifs;Suède;SE;;625000.00;2105263.16;64935.06;2419354.84
2014-12-31;Resultat avant impot;Singapour;SG;190000000;390000000;560000000;1220000000;1100000000
2015-12-31;Resultat avant impot;Laos;LA;;10000000;;;
2015-12-31;resultats/pnb;Taïwan;TW;;0.50;0.42;0.49;0.21
2014-12-31;resultats/pnb;Pologne;PL;;0.33;0.21;0.25;0.22
2015-12-31;resultats/effectifs;Croatie;HR;;;;;1242603.55
2014-12-31;Resultat avant impot;Moldavie;MD;;;;;60000000
2015-12-31;impot courant;France;FR;-16120000000;;-3710000000;-7660000000;-1960000000
2014-12-31;NB filiales périmètre en +;Luxembourg;LU;4;;;;3
2015-12-31;impot courant;Colombie;CO;;;;-20000000;
2014-12-31;Effectif;Croatie;HR;;;;;1459
2014-12-31;Resultat avant impot;Danemark;DK;;10000000;;60000000;330000000
2014-12-31;impot différé;Argentine;AR;;;;-50000000;
2014-12-31;impot courant;Suède;SE;;;-20000000;;-30000000
2014-12-31;Produit Net Bancaire;Chine;CN;;150000000;460000000;2580000000;840000000
2014-12-31;Produit Net Bancaire;Pays-Bas;NL;;210000000;1190000000;3710000000;320000000
2015-12-31;Resultat avant impot;Colombie;CO;;;;-10000000;
2015-12-31;impot courant;Taïwan;TW;;;-40000000;-10000000;-10000000
2014-12-31;impot courant;Pologne;PL;;;-380000000;-250000000;
2014-12-31;impot sur bénéfice;Roumanie;RO;;-10000000;;-20000000;-120000000
2014-12-31;impot sur bénéfice;Guinée;GN;;;;;-50000000
2015-12-31;Resultat avant impot;Slovaquie;SK;-10000000;;;90000000;250000000
2014-12-31;Produit Net Bancaire;Sénégal;SN;;;;480000000;510000000
2014-12-31;resultats/pnb;Hongrie;HU;0.12;0.50;;0.29;
2015-12-31;impot sur bénéfice;Monaco;MC;;-10000000;;10000000;
2014-12-31;Effectif;Guinée Équatoriale;GQ;;;;;289
2014-12-31;Total filiales;Bermudes;BM;;;1;1;2
2014-12-31;resultats/effectifs;Brésil;BR;;1325301.20;960000.00;1671875.00;
2015-12-31;resultats/pnb;Burkina Faso;BF;;;;0.24;0.02
2015-12-31;Produit Net Bancaire;Pologne;PL;;350000000;4080000000;6420000000;30630000000
2014-12-31;resultats/pnb;Madagascar;MG;;0.59;;;0.43
2014-12-31;Produit Net Bancaire;Île de Man;IM;;;;10000000;
2014-12-31;Produit Net Bancaire;Singapour;SG;650000000;690000000;1510000000;4170000000;1420000000
2015-12-31;resultats/pnb;Luxembourg;LU;0.47;0.62;0.59;0.55;0.37
2015-12-31;Resultat avant impot;Curaçao;CW;;;;;10000000
2014-12-31;Resultat avant impot;Luxembourg;LU;1290000000;1150000000;3110000000;5660000000;5900000000
2014-12-31;resultats/effectifs;Hong-Kong;HK;;838926.17;638655.46;143253.23;3294797.69
2014-12-31;Produit Net Bancaire;Bahreïn;BH;;;;540000000;
2014-12-31;impot sur bénéfice;Serbie;RS;;;;-10000000;30000000
2014-12-31;NB filiales CBCR;Bulgarie;BG;;1;;5;4
2014-12-31;Resultat avant impot;Bénin;BJ;;;;;10000000
2014-12-31;NB filiales CBCR;Norvège;NO;;;;7;3
2014-12-31;NB filiales CBCR;Madagascar;MG;;2;;;1
2014-12-31;NB filiales CBCR;Curaçao;CW;;;;;1
2014-12-31;Resultat avant impot;Inde;IN;;;310000000;960000000;560000000
2014-12-31;resultats/effectifs;Burkina Faso;BF;;;;169491.53;365853.66
2014-12-31;resultats/effectifs;Djibouti;DJ;;108303.25;;;
2015-12-31;impot différé;Slovaquie;SK;;;;20000000;-20000000
2014-12-31;Produit Net Bancaire;Émirats Arabes Unis;AE;;100000000;400000000;310000000;170000000
2014-12-31;Total filiales;Slovénie;SI;;;;;3
2014-12-31;impot courant;Slovaquie;SK;;;;-30000000;-30000000
2014-12-31;impot courant;Algérie;DZ;;;-20000000;-190000000;-150000000
2014-12-31;Effectif;Monténégro;ME;;;;;258
2015-12-31;impot sur bénéfice;Maroc;MA;;;-50000000;-250000000;-370000000
2014-12-31;NB filiales périmètre en +;Irlande;IE;;;2;;3
2015-12-31;resultats/effectifs;Portugal;PT;1325503.36;331125.83;1347031.96;434534.02;6250000.00
2015-12-31;Produit Net Bancaire;Hongrie;HU;180000000;10000000;;980000000;
2014-12-31;Resultat avant impot;Guinée Équatoriale;GQ;;;;;120000000
2014-12-31;impot sur bénéfice;Inde;IN;;;-110000000;-460000000;-180000000
2014-12-31;Effectif;Canada;CA;;38;76;279;108
2014-12-31;NB filiales CBCR;Congo;CG;;1;;;
2014-12-31;resultats/effectifs;Belgique;BE;758184.95;2083333.33;1621621.62;850271.62;2165605.10
2015-12-31;Effectif;Mali;ML;;;;102;
2014-12-31;Resultat avant impot;Burkina Faso;BF;;;;50000000;90000000
2014-12-31;resultats/effectifs;Nouvelle-Calédonie;NC;;498652.29;;;1346153.85
2014-12-31;resultats/pnb;Ghana;GH;;;;;0.18
2015-12-31;impot différé;Hongrie;HU;;;;-10000000;
2014-12-31;Effectif;Lituanie;LT;;13;;;
2015-12-31;Effectif;Nouvelle-Calédonie;NC;;341;;;78
2014-12-31;resultats/effectifs;Cameroun;CM;;596774.19;;;304000.00
2015-12-31;impot courant;Arabie Saoudite;SA;;;;10000000;
2015-12-31;Resultat avant impot;Jersey;JE;;-10000000;;220000000;220000000
2015-12-31;resultats/effectifs;Ghana;GH;;;;;2352941.18
2014-12-31;resultats/pnb;Algérie;DZ;;0.58;0.75;0.51;0.47
2014-12-31;resultats/pnb;Luxembourg;LU;0.44;0.59;0.55;0.48;0.71
2014-12-31;Total filiales;Mexique;MX;;3;;4;
2015-12-31;impot sur bénéfice;Espagne;ES;-230000000;-190000000;-230000000;-1320000000;-540000000
2015-12-31;impot courant;Guinée Équatoriale;GQ;;;;;-50000000
2014-12-31;NB filiales CBCR;Brésil;BR;2;3;3;14;12
2014-12-31;impot différé;Croatie;HR;;;;;10000000
2015-12-31;resultats/effectifs;Côte d'Ivoire;CI;;;;298769.77;3709677.42
2015-12-31;Produit Net Bancaire;Canada;CA;;60000000;;530000000;920000000
2014-12-31;Resultat avant impot;Qatar;QA;;;;30000000;
2015-12-31;resultats/effectifs;Taïwan;TW;;500000.00;1666666.67;1662591.69;3888888.89
2014-12-31;impot sur bénéfice;Equateur;EC;;-10000000;;;
2014-12-31;Effectif;Nouvelle-Zélande;NZ;;;;36;
2015-12-31;Resultat avant impot;Fidji;FJ;;-20000000;;;
2014-12-31;NB filiales CBCR;Luxembourg;LU;25;21;37;35;24
2014-12-31;impot courant;Corée du Sud;KR;;;-40000000;-20000000;-90000000
2014-12-31;resultats/effectifs;Albanie;AL;;;;;125000.00
2014-12-31;resultats/pnb;Afrique du Sud;ZA;;;;0.05;0.55
2014-12-31;Resultat avant impot;Colombie;CO;;;;10000000;
2014-12-31;impot différé;Tunisie;TN;;;;-10000000;-20000000
2015-12-31;resultats/pnb;République Tchèque;CZ;;0.50;0.44;0.55;0.07
2014-12-31;Resultat avant impot;Brésil;BR;;110000000;120000000;2140000000;-1670000000
2014-12-31;impot sur bénéfice;Ghana;GH;;;;;-50000000
2014-12-31;NB filiales périmètre en +;Portugal;PT;;;4;;
2014-12-31;Total filiales;Saint Martin (Antilles Néerlandaises);SX;1;;;;
2014-12-31;NB filiales périmètre en +;Finlande;FI;;;2;;
2014-12-31;resultats/pnb;Malte;MT;;1.00;;;
2014-12-31;Total filiales;Portugal;PT;1;2;7;9;1
2015-12-31;Produit Net Bancaire;Togo;TG;;;;;230000000
2014-12-31;impot différé;Côte d'Ivoire;CI;;;;;10000000
2014-12-31;Total filiales;Finlande;FI;;;3;5;2
2014-12-31;Total filiales;Liban;LB;;1;;;1
2015-12-31;impot sur bénéfice;Portugal;PT;-210000000;-10000000;-170000000;-190000000;
2015-12-31;Produit Net Bancaire;Singapour;SG;710000000;750000000;1740000000;6100000000;2800000000
2015-12-31;resultats/effectifs;Roumanie;RO;;326086.96;;184921.76;2420168.07
2015-12-31;impot sur bénéfice;Finlande;FI;;;;;-90000000
2015-12-31;Effectif;Maurice;MU;;;106;;
2015-12-31;resultats/pnb;Irlande;IE;;0.40;0.87;0.57;0.85
2015-12-31;resultats/pnb;Qatar;QA;;;;0.59;
2015-12-31;resultats/effectifs;Slovénie;SI;;;;;5092592.59
2014-12-31;resultats/effectifs;Irlande;IE;;17777777.78;5962732.92;8448275.86;2452830.19
2015-12-31;impot courant;Moldavie;MD;;;;;120000000
2014-12-31;NB filiales CBCR;Nouvelle-Zélande;NZ;;;;1;1
2015-12-31;resultats/pnb;Laos;LA;;0.14;;;
2014-12-31;impot différé;Slovénie;SI;;;;;-40000000
2015-12-31;impot sur bénéfice;Serbie;RS;;;;-20000000;-60000000
2014-12-31;impot courant;États-Unis;US;-90000000;;-310000000;-2150000000;-350000000
2015-12-31;impot courant;Danemark;DK;;;;-50000000;40000000
2015-12-31;Resultat avant impot;Bénin;BJ;;;;;30000000
2014-12-31;NB filiales périmètre en +;Corée du Sud;KR;;;2;;
2014-12-31;NB filiales CBCR;Russie;RU;;2;1;4;21
2014-12-31;impot sur bénéfice;Suisse;CH;-10000000;;-270000000;1980000000;-30000000
2014-12-31;NB filiales CBCR;Tchad;TD;;;;;1
2014-12-31;Total filiales;Île de Man;IM;;;;1;
2015-12-31;impot différé;Portugal;PT;;;150000000;30000000;-10000000
2015-12-31;Produit Net Bancaire;Royaume-Uni;GB;460000000;4520000000;6480000000;25010000000;33440000000
2015-12-31;resultats/effectifs;Mali;ML;;;;392156.86;
2015-12-31;impot différé;Finlande;FI;;;;;-20000000
2015-12-31;Effectif;Fidji;FJ;;95;;;
2015-12-31;impot courant;Irlande;IE;;;-40000000;-130000000;
2014-12-31;NB filiales CBCR;Namibie;NA;;;;1;
2015-12-31;Resultat avant impot;Danemark;DK;;;;150000000;430000000
2014-12-31;resultats/pnb;Mali;ML;;;;0.29;
2015-12-31;resultats/pnb;Chili;CL;;0.38;;0.50;
2014-12-31;resultats/effectifs;Sénégal;SN;;;;295454.55;
2014-12-31;NB filiales CBCR;Albanie;AL;;;1;;1
2014-12-31;NB filiales CBCR;Moldavie;MD;;;;;1
2015-12-31;resultats/pnb;Danemark;DK;;;;0.25;0.27
2014-12-31;Effectif;Qatar;QA;;;;37;
2014-12-31;Total filiales;Japon;JP;;5;8;8;4
2014-12-31;Resultat avant impot;Nouvelle-Zélande;NZ;;;;10000000;
2014-12-31;resultats/pnb;Russie;RU;;0.44;0.35;0.43;0.15
2014-12-31;impot courant;Arabie Saoudite;SA;;;;-10000000;
2014-12-31;NB filiales CBCR;Danemark;DK;;2;;6;4
2014-12-31;Total filiales;Roumanie;RO;;3;1;9;7
2014-12-31;impot sur bénéfice;Vietnam;VN;;;;-40000000;
2014-12-31;Resultat avant impot;Albanie;AL;;;-40000000;;50000000
2014-12-31;Total filiales;Canada;CA;1;7;2;4;6
2015-12-31;impot différé;Mexique;MX;;;;;-10000000
2015-12-31;impot sur bénéfice;Roumanie;RO;;;;-30000000;-250000000
2014-12-31;impot sur bénéfice;Afrique du Sud;ZA;;;;-40000000;-20000000
2015-12-31;impot courant;Suède;SE;;;-30000000;;-120000000
2014-12-31;Produit Net Bancaire;Maroc;MA;;-70000000;1850000000;3030000000;4360000000
2014-12-31;Total filiales;Lettonie;LV;;1;;;1
2014-12-31;Produit Net Bancaire;Tchad;TD;;;;;210000000
2014-12-31;resultats/effectifs;Corée du Sud;KR;;;2666666.67;466472.30;2867647.06
2015-12-31;Effectif;Guinée Équatoriale;GQ;;;;;31
2014-12-31;Resultat avant impot;Slovaquie;SK;-10000000;;10000000;120000000;110000000
2015-12-31;resultats/effectifs;Guinée Équatoriale;GQ;;;;;4516129.03
2014-12-31;Resultat avant impot;Liban;LB;;;;;150000000
2014-12-31;Effectif;Guernesey;GG;;;;18;
2014-12-31;impot différé;Polynésie Française;PF;;;;;40000000
2014-12-31;NB filiales CBCR;Irlande;IE;;6;28;20;10
2014-12-31;Total filiales;Royaume-Uni;GB;7;19;15;58;52
2014-12-31;Produit Net Bancaire;Bénin;BJ;;;;;190000000
2014-12-31;impot différé;Portugal;PT;;;-10000000;10000000;
2014-12-31;impot différé;Taïwan;TW;;;-10000000;-20000000;-10000000
2014-12-31;resultats/effectifs;Mali;ML;;;;392156.86;
2015-12-31;impot courant;Corée du Sud;KR;;;-10000000;-20000000;-80000000
2014-12-31;impot différé;Finlande;FI;;;10000000;;-30000000
2015-12-31;impot différé;Côte d'Ivoire;CI;;;;;-40000000
2014-12-31;Effectif;Namibie;NA;;;;9;
2015-12-31;impot différé;Roumanie;RO;;;;;-150000000
2014-12-31;impot différé;Hong-Kong;HK;;;;160000000;30000000
2014-12-31;Resultat avant impot;Irlande;IE;;160000000;960000000;1470000000;130000000
2014-12-31;NB filiales périmètre en +;Argentine;AR;1;;;;
2014-12-31;Effectif;Jersey;JE;;;;212;219
2014-12-31;impot courant;Belgique;BE;-70000000;;-50000000;-310000000;-150000000
2014-12-31;impot sur bénéfice;Bulgarie;BG;;;;-10000000;-30000000
2014-12-31;impot sur bénéfice;Portugal;PT;-150000000;-20000000;-170000000;-290000000;-20000000
2014-12-31;impot sur bénéfice;Norvège;NO;;;;-20000000;-130000000
2014-12-31;impot sur bénéfice;Émirats Arabes Unis;AE;;;-10000000;-60000000;
2014-12-31;NB filiales CBCR;France;FR;300;413;422;158;301
2014-12-31;impot sur bénéfice;Finlande;FI;;;-10000000;;-100000000
2015-12-31;Effectif;Pologne;PL;;238;5444;8725;206
2014-12-31;impot courant;Cameroun;CM;;;;;-90000000
2014-12-31;Produit Net Bancaire;Malaisie;MY;;30000000;50000000;210000000;
2015-12-31;resultats/pnb;Royaume-Uni;GB;0.70;0.57;0.21;0.10;0.12
2015-12-31;Effectif;Algérie;DZ;;754;25;1382;146
2014-12-31;NB filiales CBCR;Inde;IN;;2;2;12;5
2014-12-31;resultats/pnb;Polynésie Française;PF;;0.31;;;0.06
2014-12-31;resultats/pnb;Belgique;BE;0.31;0.71;0.45;0.31;0.53
2015-12-31;Produit Net Bancaire;Jersey;JE;;-10000000;;490000000;2490000000
2015-12-31;resultats/effectifs;Irlande;IE;;2222222.22;10617283.95;3489361.70;43333333.33
2014-12-31;Produit Net Bancaire;Slovaquie;SK;;10000000;20000000;270000000;150000000
2014-12-31;NB filiales périmètre en +;Îles Caïmans;KY;2;;1;;
2014-12-31;Resultat avant impot;Japon;JP;;-60000000;580000000;1450000000;1790000000
2014-12-31;Effectif;Polynésie Française;PF;;280;;;283
2014-12-31;resultats/pnb;France;FR;0.48;0.24;0.02;0.14;0.03
2014-12-31;Resultat avant impot;Madagascar;MG;;170000000;;;190000000
2014-12-31;NB filiales CBCR;Allemagne;DE;12;12;6;28;45
2014-12-31;resultats/pnb;Cameroun;CM;;0.45;;;0.26
2014-12-31;Effectif;Irlande;IE;;9;161;174;53
2015-12-31;impot sur bénéfice;Géorgie;GE;;;;;-20000000
2015-12-31;resultats/pnb;Côte d'Ivoire;CI;;;;0.28;0.04
2015-12-31;Effectif;Guernesey;GG;;;;15;
2015-12-31;impot sur bénéfice;Côte d'Ivoire;CI;;;;-30000000;-130000000
2015-12-31;impot sur bénéfice;Suisse;CH;-30000000;-20000000;-180000000;70000000;-100000000
2015-12-31;impot sur bénéfice;Thaïlande;TH;;;;-20000000;
2014-12-31;Total filiales;Equateur;EC;;1;;;
2015-12-31;Effectif;Hongrie;HU;172;34;;507;
2014-12-31;Total filiales;Sénégal;SN;;;;1;1
2014-12-31;impot sur bénéfice;Madagascar;MG;;-30000000;;;-40000000
2014-12-31;impot différé;Roumanie;RO;;;;;-100000000
2015-12-31;resultats/effectifs;Canada;CA;;;;565476.19;3584905.66
2014-12-31;impot courant;Burkina Faso;BF;;;;-10000000;-10000000
2014-12-31;resultats/pnb;Qatar;QA;;;;0.20;
2014-12-31;NB filiales CBCR;Indonésie;ID;;;;3;
2015-12-31;impot différé;Grèce;GR;;;;;10000000
2014-12-31;Total filiales;Panama;PA;;;;1;
2015-12-31;Effectif;Russie;RU;;65;158;351;
2015-12-31;resultats/effectifs;Qatar;QA;;;;3571428.57;
2015-12-31;Resultat avant impot;Pologne;PL;;230000000;720000000;150000000;270000000
2014-12-31;Total filiales;Singapour;SG;3;7;4;7;4
2014-12-31;NB filiales CBCR;Australie;AU;;3;1;6;1
2014-12-31;Resultat avant impot;Bahreïn;BH;;;;-310000000;
2014-12-31;Total filiales;Chine;CN;;2;4;8;4
2014-12-31;Effectif;Bénin;BJ;;;;;218
2014-12-31;NB filiales CBCR;Colombie;CO;;;;2;
2015-12-31;resultats/pnb;Brésil;BR;;0.25;0.31;0.33;
2014-12-31;resultats/effectifs;Pologne;PL;;330188.68;152943.27;101365.77;129206.73
2015-12-31;impot sur bénéfice;Koweït;KW;;;;-10000000;
2014-12-31;Produit Net Bancaire;Maurice;MU;;160000000;30000000;;
2015-12-31;resultats/effectifs;Royaume-Uni;GB;5517241.38;4385665.53;1574712.64;374396.14;2422744.13
2014-12-31;Effectif;Gibraltar;GI;;;;;50
2015-12-31;resultats/pnb;Gibraltar;GI;;;;;0.06
2014-12-31;resultats/pnb;Chili;CL;;;;0.59;
2015-12-31;resultats/effectifs;Chili;CL;;731707.32;;828571.43;
2015-12-31;Produit Net Bancaire;Bénin;BJ;;;;;2320000000
2014-12-31;NB filiales CBCR;Macédoine;MK;;;;;1
2015-12-31;impot sur bénéfice;Arabie Saoudite;SA;;;;10000000;
2014-12-31;Resultat avant impot;Russie;RU;;70000000;110000000;460000000;1870000000
2015-12-31;Resultat avant impot;Hongrie;HU;70000000;;;350000000;50000000
2014-12-31;impot courant;Hongrie;HU;;;;-90000000;
2015-12-31;impot courant;Brésil;BR;;;-150000000;-1020000000;-160000000
2014-12-31;impot sur bénéfice;Luxembourg;LU;-210000000;-70000000;-530000000;-1300000000;-1220000000
2015-12-31;Produit Net Bancaire;Ghana;GH;;;;;6610000000
2014-12-31;Produit Net Bancaire;Côte d'Ivoire;CI;;;;580000000;1110000000
2015-12-31;Produit Net Bancaire;Thaïlande;TH;;;;150000000;
2015-12-31;Resultat avant impot;Mali;ML;;;;40000000;
2015-12-31;resultats/effectifs;Bulgarie;BG;;1111111.11;;138888.89;3839285.71
2014-12-31;Total filiales;Jersey;JE;;1;;5;16
2015-12-31;resultats/effectifs;Norvège;NO;;;;;5120000.00
2014-12-31;impot différé;Géorgie;GE;;;;;-10000000
2014-12-31;impot sur bénéfice;Chili;CL;;;;-80000000;
2015-12-31;Produit Net Bancaire;Slovaquie;SK;;10000000;10000000;280000000;550000000
2015-12-31;resultats/effectifs;Finlande;FI;;;4166666.67;;7076923.08
2015-12-31;Effectif;Polynésie Française;PF;;296;;;46
2015-12-31;resultats/effectifs;Sénégal;SN;;;;338600.45;422535.21
2014-12-31;Total filiales;Bahamas;BS;3;;1;;1
2014-12-31;NB filiales CBCR;Émirats Arabes Unis;AE;;2;3;2;3
2015-12-31;Effectif;France;FR;65828;91232;37559;56981;12097
2014-12-31;impot sur bénéfice;Géorgie;GE;;;;;-30000000
2014-12-31;impot différé;Sénégal;SN;;;;;80000000
2014-12-31;Total filiales;Turquie;TR;;1;;12;2
2014-12-31;NB filiales CBCR;Monténégro;ME;;;;;1
2015-12-31;resultats/effectifs;Singapour;SG;560344.83;1602209.94;1152173.91;1048951.05;3904109.59
2015-12-31;impot sur bénéfice;Mali;ML;;;;-10000000;
2014-12-31;Total filiales;Polynésie Française;PF;;3;;;2
2014-12-31;Resultat avant impot;Côte d'Ivoire;CI;;;;180000000;480000000
2014-12-31;Resultat avant impot;Chine;CN;;60000000;250000000;1800000000;120000000
2015-12-31;resultats/pnb;Russie;RU;;0.60;0.53;0.46;
2015-12-31;resultats/pnb;Albanie;AL;;;;;0.00
2014-12-31;impot courant;Roumanie;RO;;;;-20000000;-20000000
2015-12-31;Effectif;Djibouti;DJ;;263;;;
2014-12-31;NB filiales périmètre en +;Bulgarie;BG;;;1;;
2014-12-31;NB filiales périmètre en +;Norvège;NO;;;2;;
2014-12-31;NB filiales périmètre en +;Grèce;GR;;;3;;1
2014-12-31;Resultat avant impot;France;FR;62000000000;45270000000;1540000000;18490000000;3210000000
2015-12-31;impot différé;Egypte;EG;;;10000000;;
2014-12-31;Total filiales;Bulgarie;BG;;1;1;5;4
2014-12-31;Total filiales;Norvège;NO;;;2;7;3
2014-12-31;Total filiales;Congo;CG;;1;;;
2014-12-31;Produit Net Bancaire;Pologne;PL;;210000000;4060000000;3770000000;1950000000
2014-12-31;resultats/pnb;Roumanie;RO;;0.43;;0.24;0.04
2015-12-31;Effectif;Belgique;BE;1713;61;106;16283;149
2014-12-31;Produit Net Bancaire;Luxembourg;LU;2920000000;1960000000;5690000000;11860000000;8340000000
2014-12-31;Total filiales;Curaçao;CW;;;;;1
2015-12-31;resultats/effectifs;Burkina Faso;BF;;;;178571.43;1923076.92
2015-12-31;impot sur bénéfice;Bulgarie;BG;;;;-20000000;-40000000
2015-12-31;impot sur bénéfice;Norvège;NO;;;;-10000000;
2014-12-31;Resultat avant impot;République Tchèque;CZ;-10000000;10000000;-20000000;690000000;5860000000
2015-12-31;impot courant;Albanie;AL;;;;;-10000000
2014-12-31;resultats/pnb;Mexique;MX;;;;0.07;0.25
2015-12-31;impot courant;Pays-Bas;NL;;;-250000000;-500000000;-280000000
2015-12-31;Produit Net Bancaire;Malaisie;MY;;10000000;60000000;170000000;
2015-12-31;Effectif;Cameroun;CM;;780;;;80
2015-12-31;resultats/effectifs;Brésil;BR;;206185.57;1221374.05;1614060.26;
2014-12-31;Produit Net Bancaire;Monténégro;ME;;;;;210000000
2015-12-31;Produit Net Bancaire;Autriche;AT;;260000000;150000000;400000000;590000000
2014-12-31;Effectif;Brésil;BR;2;83;125;1280;1182
2014-12-31;impot courant;Grèce;GR;;;-30000000;;
2015-12-31;resultats/effectifs;Jersey;JE;;;;995475.11;3188405.80
2014-12-31;impot différé;Russie;RU;;;;-50000000;-100000000
2015-12-31;impot courant;République Tchèque;CZ;;;-20000000;-130000000;-910000000
2015-12-31;Resultat avant impot;Pays-Bas;NL;;130000000;310000000;1510000000;1320000000
2014-12-31;NB filiales CBCR;Maroc;MA;2;4;2;8;10
2015-12-31;impot différé;Bulgarie;BG;;;;;10000000
2014-12-31;NB filiales CBCR;Îles Caïmans;KY;;2;1;7;3
2014-12-31;NB filiales CBCR;Suède;SE;;2;1;7;4
2015-12-31;impot différé;Norvège;NO;;;;10000000;-100000000
2014-12-31;impot courant;Émirats Arabes Unis;AE;;;-10000000;-70000000;
2014-12-31;resultats/effectifs;Portugal;PT;1328320.80;268456.38;1320754.72;586380.83;1294117.65
2014-12-31;Produit Net Bancaire;Hongrie;HU;170000000;20000000;;800000000;
2014-12-31;impot courant;Mexique;MX;;;;;10000000
2014-12-31;NB filiales périmètre en +;Hong-Kong;HK;;;3;;
2015-12-31;resultats/pnb;France;FR;0.47;0.26;0.09;0.14;0.03
2015-12-31;impot différé;Burkina Faso;BF;;;;;20000000
2014-12-31;Effectif;Nouvelle-Calédonie;NC;;742;;;312
2014-12-31;Produit Net Bancaire;États-Unis;US;1280000000;21100000000;8540000000;34520000000;12050000000
2015-12-31;Produit Net Bancaire;Mexique;MX;;;;190000000;990000000
2014-12-31;resultats/pnb;Suède;SE;;0.33;0.38;0.04;0.56
2015-12-31;Resultat avant impot;Guinée Équatoriale;GQ;;;;;140000000
2015-12-31;impot différé;Turquie;TR;;;;20000000;20000000
2014-12-31;resultats/effectifs;Singapour;SG;887850.47;2349397.59;1342925.66;655561.53;2925531.91
2014-12-31;impot sur bénéfice;Espagne;ES;-230000000;-240000000;-370000000;-1230000000;-530000000
2015-12-31;Resultat avant impot;Bahreïn;BH;;;;480000000;
2015-12-31;resultats/pnb;Bahreïn;BH;;;;0.64;
2015-12-31;impot courant;Polynésie Française;PF;;;;;-30000000
2015-12-31;resultats/effectifs;Moldavie;MD;;;;;397805.21
2015-12-31;resultats/effectifs;Géorgie;GE;;;;;4489795.92
2014-12-31;resultats/effectifs;Maurice;MU;;72202.17;;;
2014-12-31;NB filiales périmètre en +;Liechtenstein;LI;1;;;;
2014-12-31;Resultat avant impot;Congo;CG;;80000000;;;
2014-12-31;Effectif;Algérie;DZ;;693;24;1287;1412
2014-12-31;NB filiales CBCR;Bahreïn;BH;;;;2;
2014-12-31;impot sur bénéfice;Colombie;CO;;;;-30000000;
2014-12-31;Effectif;Argentine;AR;;51;;223;
2014-12-31;impot sur bénéfice;Ukraine;UA;;;-40000000;;
2014-12-31;resultats/pnb;Equateur;EC;;0.67;;;
2014-12-31;Total filiales;Tchad;TD;;;;;1
2015-12-31;resultats/pnb;Argentine;AR;;;;0.61;
2015-12-31;resultats/pnb;Indonésie;ID;;;;0.50;
2014-12-31;Produit Net Bancaire;Russie;RU;;160000000;310000000;1080000000;12340000000
2014-12-31;Resultat avant impot;Indonésie;ID;;;;320000000;
2014-12-31;impot différé;Norvège;NO;;;;20000000;-60000000
2015-12-31;resultats/effectifs;Albanie;AL;;;;;416666.67
2015-12-31;Produit Net Bancaire;Laos;LA;;70000000;;;
2015-12-31;impot courant;Argentine;AR;;;;-210000000;
2015-12-31;resultats/effectifs;Bénin;BJ;;;;;1363636.36
2014-12-31;Effectif;Albanie;AL;;;237;;400
2014-12-31;NB filiales périmètre en +;Pologne;PL;;;2;;
2014-12-31;resultats/effectifs;Roumanie;RO;;329670.33;;147420.15;29090.91
2014-12-31;impot différé;France;FR;-1060000000;;-2530000000;370000000;330000000
2014-12-31;Total filiales;Slovaquie;SK;1;1;1;3;5
2015-12-31;resultats/pnb;Mali;ML;;;;0.29;
2015-12-31;impot sur bénéfice;Croatie;HR;;;;;-30000000
2014-12-31;Effectif;Corée du Sud;KR;;;75;343;136
2015-12-31;Produit Net Bancaire;Burkina Faso;BF;;;;210000000;2660000000
2014-12-31;resultats/pnb;Bermudes;BM;;;;;1.00
2015-12-31;impot différé;Monaco;MC;;;;10000000;
2014-12-31;Produit Net Bancaire;Autriche;AT;;260000000;;140000000;110000000
2014-12-31;resultats/pnb;Nouvelle-Zélande;NZ;;;;0.20;
2015-12-31;impot sur bénéfice;Tunisie;TN;;-20000000;;-60000000;-10000000
2014-12-31;resultats/effectifs;Egypte;EG;;;508326.03;;
2014-12-31;impot différé;Brésil;BR;;;;100000000;250000000
2015-12-31;resultats/pnb;Macédoine;MK;;;;;0.02
2014-12-31;impot sur bénéfice;Canada;CA;;-20000000;;-90000000;-50000000
2014-12-31;Resultat avant impot;Pays-Bas;NL;;100000000;330000000;1390000000;70000000
2015-12-31;Produit Net Bancaire;États-Unis;US;1360000000;25480000000;10000000000;44540000000;23570000000
2014-12-31;Total filiales;Géorgie;GE;;;;;3
2014-12-31;Resultat avant impot;Macédoine;MK;;;;;40000000
2014-12-31;Total filiales;Moldavie;MD;;;;;1
2014-12-31;NB filiales périmètre en +;Danemark;DK;;;4;;
2014-12-31;impot sur bénéfice;Arabie Saoudite;SA;;;;-10000000;
2015-12-31;Effectif;République Tchèque;CZ;154;7;87;629;1142
2015-12-31;impot sur bénéfice;Moldavie;MD;;;;;90000000
2015-12-31;impot sur bénéfice;Argentine;AR;;;;-250000000;
2014-12-31;Total filiales;Danemark;DK;;2;4;6;4
2014-12-31;resultats/pnb;Indonésie;ID;;;;0.64;
2014-12-31;impot courant;Egypte;EG;;;-320000000;;
2014-12-31;NB filiales CBCR;Maurice;MU;;2;1;;1
2015-12-31;impot sur bénéfice;Danemark;DK;;-10000000;;-50000000;-100000000
2014-12-31;Produit Net Bancaire;Saint Martin (Antilles Néerlandaises);SX;20000000;;;;
2014-12-31;Effectif;Congo;CG;;224;;;
2014-12-31;resultats/pnb;Allemagne;DE;0.03;0.23;0.24;0.27;0.26
2014-12-31;Produit Net Bancaire;Nouvelle-Zélande;NZ;;;;50000000;
2014-12-31;Resultat avant impot;Maurice;MU;;20000000;;;
2015-12-31;impot différé;Allemagne;DE;370000000;;;-390000000;290000000
2015-12-31;impot sur bénéfice;Corée du Sud;KR;;;;-40000000;-100000000
2014-12-31;Produit Net Bancaire;Inde;IN;;;460000000;1380000000;610000000
2014-12-31;NB filiales périmètre en +;Japon;JP;;;2;;
2015-12-31;Effectif;Suède;SE;;13;40;153;54
2014-12-31;Produit Net Bancaire;France;FR;130370000000;192490000000;75870000000;134970000000;105760000000
2015-12-31;Produit Net Bancaire;Chili;CL;;80000000;;580000000;
2015-12-31;Produit Net Bancaire;SaintMartin;SX;20000000;;;;
2014-12-31;NB filiales périmètre en +;Italie;IT;1;;4;;
2015-12-31;impot différé;Moldavie;MD;;;;;-30000000
2015-12-31;impot différé;Émirats Arabes Unis;AE;;;;-10000000;
2015-12-31;resultats/pnb;Japon;JP;;0.15;0.46;0.51;0.51
2015-12-31;resultats/pnb;Pologne;PL;;0.66;0.18;0.02;0.01
2014-12-31;NB filiales CBCR;Saint Martin (Antilles Néerlandaises);SX;1;;;;
2015-12-31;impot différé;Danemark;DK;;;;;-140000000
2014-12-31;Total filiales;États-Unis;US;2;90;22;103;31
2014-12-31;Effectif;Royaume-Uni;GB;50;499;819;6505;2934
2015-12-31;resultats/effectifs;Slovaquie;SK;;;;529411.76;6578947.37
2014-12-31;resultats/pnb;Macédoine;MK;;;;;0.21
2015-12-31;resultats/pnb;Nouvelle-Calédonie;NC;;0.42;;;0.14
2014-12-31;resultats/effectifs;Equateur;EC;;1000000.00;;;
2014-12-31;resultats/pnb;Australie;AU;;0.12;0.77;0.40;
2014-12-31;impot courant;Bulgarie;BG;;;;-10000000;-30000000
2014-12-31;NB filiales CBCR;Philippines;PH;;;;1;1
2015-12-31;impot différé;Australie;AU;;;-20000000;60000000;-10000000
2014-12-31;impot courant;Portugal;PT;-150000000;;-160000000;-300000000;-20000000
2014-12-31;impot courant;Norvège;NO;;;;-40000000;-70000000
2014-12-31;Effectif;Maurice;MU;;277;181;;
2014-12-31;impot courant;Australie;AU;;;-170000000;-50000000;
2014-12-31;impot courant;Finlande;FI;;;-20000000;;-70000000
2014-12-31;impot courant;Italie;IT;;;900000000;-3990000000;-700000000
2015-12-31;impot courant;Pologne;PL;;;-120000000;-150000000;-40000000
2014-12-31;resultats/effectifs;Guinée Équatoriale;GQ;;;;;415224.91
2014-12-31;Effectif;Japon;JP;;111;447;710;284
2015-12-31;resultats/pnb;Hongrie;HU;0.39;;;0.36;
2014-12-31;impot courant;Luxembourg;LU;-180000000;;-530000000;-980000000;-960000000
2014-12-31;resultats/pnb;Portugal;PT;0.49;0.13;0.51;0.59;0.69
2014-12-31;resultats/effectifs;Hongrie;HU;130718.95;270270.27;;457256.46;
2014-12-31;impot sur bénéfice;Tunisie;TN;;-20000000;;-80000000;-140000000
2015-12-31;impot sur bénéfice;Émirats Arabes Unis;AE;;;;30000000;
2014-12-31;resultats/pnb;Finlande;FI;;;0.75;;0.73
2014-12-31;Effectif;Djibouti;DJ;;277;;;
2015-12-31;impot courant;Grèce;GR;;;10000000;;
2014-12-31;Produit Net Bancaire;Madagascar;MG;;290000000;;;440000000
2015-12-31;resultats/effectifs;Curaçao;CW;;;;;10000000.00
2015-12-31;impot sur bénéfice;Taïwan;TW;;;-20000000;-40000000;
2014-12-31;impot différé;Danemark;DK;;;;-60000000;20000000
2014-12-31;resultats/pnb;Côte d'Ivoire;CI;;;;0.31;0.43
2014-12-31;Effectif;République Tchèque;CZ;152;7;96;610;8436
2014-12-31;impot sur bénéfice;Moldavie;MD;;;;;-10000000
2015-12-31;Produit Net Bancaire;Lituanie;LT;;20000000;;;
2015-12-31;Effectif;Gibraltar;GI;;;;;19
2014-12-31;impot différé;Irlande;IE;;;10000000;-20000000;
2015-12-31;impot sur bénéfice;Canada;CA;;20000000;;-70000000;-70000000
2014-12-31;Effectif;Belgique;BE;1741;72;111;16383;471
2014-12-31;NB filiales CBCR;Pologne;PL;;5;11;15;7
2015-12-31;resultats/pnb;SaintMartin;SX;0.50;;;;
2015-12-31;Effectif;Bahamas;BS;;;;;18
2015-12-31;impot différé;Serbie;RS;;;-10000000;;-10000000
2014-12-31;impot sur bénéfice;Danemark;DK;;-10000000;;-80000000;-70000000
2014-12-31;impot différé;Singapour;SG;;;;;150000000
2014-12-31;Effectif;Cameroun;CM;;620;;;625
2015-12-31;Effectif;Monténégro;ME;;;;;25
2014-12-31;NB filiales CBCR;Chypre;CY;;;;;1
2014-12-31;Total filiales;Colombie;CO;;;;2;
2015-12-31;resultats/pnb;Suède;SE;;;0.35;;0.21
2015-12-31;Produit Net Bancaire;Arabie Saoudite;SA;;;;150000000;
2014-12-31;Total filiales;Vanuatu;VU;;2;;;
2015-12-31;impot sur bénéfice;Colombie;CO;;;;-30000000;
2014-12-31;impot courant;Monaco;MC;;;-20000000;;-210000000
2014-12-31;Resultat avant impot;Cambodge;KH;;70000000;;;
2014-12-31;resultats/pnb;Congo;CG;;0.38;;;
2014-12-31;Resultat avant impot;Pologne;PL;;70000000;860000000;950000000;430000000
2014-12-31;impot différé;Luxembourg;LU;-30000000;;;-320000000;-260000000
2015-12-31;Effectif;Mexique;MX;;52;;201;10
2015-12-31;Effectif;Bermudes;BM;;;;;17
2014-12-31;resultats/pnb;Monténégro;ME;;;;;0.29
2014-12-31;resultats/pnb;Bahamas;BS;;;;;0.27
2015-12-31;Produit Net Bancaire;Corée du Sud;KR;;;250000000;970000000;1250000000
2015-12-31;resultats/effectifs;États-Unis;US;8928571.43;3007868.38;5807259.07;686438.50;2748538.01
2014-12-31;resultats/pnb;Chypre;CY;;;;;1.00
2014-12-31;NB filiales périmètre en +;Chine;CN;;;3;;
2014-12-31;resultats/pnb;Turquie;TR;;;;0.32;0.14
2014-12-31;resultats/effectifs;Slovaquie;SK;;;909090.91;740740.74;1067961.17
2014-12-31;NB filiales CBCR;Hongrie;HU;1;2;;11;3
2014-12-31;impot sur bénéfice;Jersey;JE;;;;;-20000000
2014-12-31;resultats/effectifs;Grèce;GR;;;;;263157.89
2015-12-31;resultats/pnb;Chine;CN;;;0.50;0.55;
2015-12-31;resultats/effectifs;Pologne;PL;;966386.55;132255.69;17191.98;1310679.61
2015-12-31;impot différé;Colombie;CO;;;;-10000000;
2014-12-31;Total filiales;Bénin;BJ;;;;;1
2014-12-31;Total filiales;Arabie Saoudite;SA;;;1;2;
2014-12-31;Effectif;Pologne;PL;;212;5623;9372;3328
2014-12-31;Resultat avant impot;Hongrie;HU;20000000;10000000;;230000000;30000000
2015-12-31;Resultat avant impot;Bahamas;BS;;;;;40000000
2014-12-31;Resultat avant impot;Allemagne;DE;300000000;440000000;710000000;2970000000;1910000000
2014-12-31;impot différé;Suède;SE;;;;;-40000000
2014-12-31;resultats/pnb;Japon;JP;;;0.35;0.41;0.58
2015-12-31;Resultat avant impot;Turquie;TR;;-40000000;;3560000000;-40000000
2015-12-31;Resultat avant impot;Russie;RU;;120000000;170000000;380000000;-1050000000
2014-12-31;Effectif;Hong-Kong;HK;;298;595;2164;1038
2015-12-31;resultats/effectifs;SaintMartin;SX;1250000.00;;;;
2014-12-31;Total filiales;Guinée;GN;;;;1;1
2015-12-31;resultats/pnb;Pays-Bas;NL;;0.50;0.26;0.41;0.75
2014-12-31;resultats/pnb;Arabie Saoudite;SA;;;;0.36;
2014-12-31;impot courant;Turquie;TR;;;;-890000000;
2015-12-31;Resultat avant impot;Mexique;MX;;-40000000;;30000000;30000000
2014-12-31;resultats/effectifs;Bulgarie;BG;;1250000.00;;161137.44;232403.72
2015-12-31;resultats/pnb;Hong-Kong;HK;;0.03;0.11;;0.31
2014-12-31;resultats/effectifs;Norvège;NO;;;;200000.00;1859756.10
2015-12-31;resultats/effectifs;Japon;JP;;480000.00;2364864.86;3309557.77;5410958.90
2015-12-31;Produit Net Bancaire;Bahamas;BS;;;;;490000000
2014-12-31;impot sur bénéfice;Argentine;AR;;;;-230000000;
2014-12-31;impot sur bénéfice;Côte d'Ivoire;CI;;;;-30000000;-90000000
2014-12-31;resultats/effectifs;Finlande;FI;;;8181818.18;;5000000.00
2014-12-31;NB filiales CBCR;Pays-Bas;NL;1;6;32;37;12
2015-12-31;impot sur bénéfice;Monténégro;ME;;;;;-20000000
2014-12-31;impot courant;Géorgie;GE;;;;;-20000000
2014-12-31;Total filiales;Monténégro;ME;;;;;1
2014-12-31;impot différé;Chili;CL;;;;-70000000;
2014-12-31;Effectif;Chine;CN;;65;123;388;537
2015-12-31;resultats/effectifs;Hongrie;HU;406976.74;;;690335.31;
2014-12-31;Resultat avant impot;Royaume-Uni;GB;390000000;1260000000;2910000000;7170000000;2430000000
2014-12-31;resultats/effectifs;Mexique;MX;;;;55248.62;222222.22
2015-12-31;Produit Net Bancaire;Émirats Arabes Unis;AE;;100000000;540000000;350000000;510000000
2015-12-31;impot différé;Italie;IT;;;230000000;890000000;120000000
2015-12-31;Produit Net Bancaire;Turquie;TR;;30000000;;12420000000;1070000000
2014-12-31;Resultat avant impot;Australie;AU;;10000000;440000000;580000000;-20000000
2014-12-31;Effectif;Hongrie;HU;153;37;;503;
2015-12-31;impot courant;Monténégro;ME;;;;;-10000000
2015-12-31;impot courant;Egypte;EG;;;-370000000;;
2014-12-31;Produit Net Bancaire;Lituanie;LT;;20000000;;;
2014-12-31;impot différé;Colombie;CO;;;;-10000000;
2014-12-31;impot sur bénéfice;Japon;JP;;;-1070000000;-430000000;-460000000
2015-12-31;impot sur bénéfice;Nouvelle-Calédonie;NC;;-140000000;;;
2014-12-31;resultats/pnb;Géorgie;GE;;;;;0.37
2014-12-31;impot courant;Inde;IN;;;-110000000;-430000000;-190000000
2014-12-31;impot sur bénéfice;Bénin;BJ;;;;;10000000
2015-12-31;resultats/effectifs;Danemark;DK;;;;993377.48;6231884.06
2014-12-31;Total filiales;Maroc;MA;2;4;4;8;10
2014-12-31;Resultat avant impot;Malaisie;MY;;20000000;30000000;100000000;
2014-12-31;NB filiales CBCR;Pérou;PE;;;;1;
2014-12-31;Resultat avant impot;Autriche;AT;;-700000000;;50000000;40000000
2015-12-31;Effectif;Portugal;PT;596;151;438;1749;16
2015-12-31;Effectif;Afrique du Sud;ZA;;59;;1180;14
2015-12-31;impot courant;Madagascar;MG;;;;;-60000000
2015-12-31;Effectif;Finlande;FI;;;12;30;65
2015-12-31;Effectif;Royaume-Uni;GB;58;586;870;6624;1618
2015-12-31;resultats/effectifs;Nouvelle-Calédonie;NC;;879765.40;;;5256410.26
2015-12-31;impot sur bénéfice;Irlande;IE;;10000000;;-150000000;
2014-12-31;resultats/effectifs;Polynésie Française;PF;;607142.86;;;106007.07
2015-12-31;Resultat avant impot;Luxembourg;LU;1510000000;1290000000;3780000000;6650000000;5870000000
2015-12-31;Effectif;Chypre;CY;;;;;1
2014-12-31;impot différé;Émirats Arabes Unis;AE;;;;10000000;
2015-12-31;Resultat avant impot;France;FR;63900000000;48770000000;7970000000;19450000000;16530000000
2014-12-31;impot sur bénéfice;Indonésie;ID;;;;-90000000;
2015-12-31;Effectif;Thaïlande;TH;;83;;68;
2014-12-31;impot courant;Serbie;RS;;;;-10000000;
2014-12-31;Resultat avant impot;Laos;LA;;20000000;;;
2015-12-31;resultats/pnb;Congo;CG;;0.35;;;
2015-12-31;Resultat avant impot;Allemagne;DE;2770000000;870000000;1150000000;4230000000;1350000000
2015-12-31;Resultat avant impot;Royaume-Uni;GB;320000000;2570000000;1370000000;2480000000;3920000000
2015-12-31;Produit Net Bancaire;Guinée;GN;;;;;2890000000
2014-12-31;resultats/effectifs;Nouvelle-Zélande;NZ;;;;277777.78;
2015-12-31;Produit Net Bancaire;Qatar;QA;;;;170000000;
2015-12-31;impot courant;Inde;IN;;;-150000000;-520000000;-320000000
2015-12-31;impot différé;Guinée;GN;;;;;10000000
2015-12-31;resultats/effectifs;République Tchèque;CZ;;1428571.43;804597.70;1112877.58;5192644.48
2015-12-31;Effectif;Argentine;AR;;47;;242;
2014-12-31;resultats/pnb;Guinée Équatoriale;GQ;;;;;0.44
2014-12-31;Resultat avant impot;Arabie Saoudite;SA;;;;50000000;
2014-12-31;impot courant;Madagascar;MG;;;;;-40000000
2015-12-31;Resultat avant impot;Australie;AU;;70000000;610000000;-40000000;-40000000
2014-12-31;resultats/pnb;Chine;CN;;0.40;0.54;0.70;0.14
2015-12-31;Produit Net Bancaire;Nouvelle-Calédonie;NC;;710000000;;;3030000000
2014-12-31;Produit Net Bancaire;Mexique;MX;;30000000;;140000000;80000000
2015-12-31;impot courant;Luxembourg;LU;-360000000;;-690000000;-1180000000;-1010000000
2014-12-31;Effectif;Liechtenstein;LI;13;;;;
2015-12-31;Effectif;Roumanie;RO;;92;269;703;595
2015-12-31;resultats/effectifs;Chine;CN;;;1832061.07;2797029.70;
2014-12-31;Total filiales;Thaïlande;TH;;1;;1;1
2014-12-31;Resultat avant impot;Maroc;MA;-330000000;-80000000;340000000;680000000;1300000000
2015-12-31;Effectif;Lettonie;LV;;9;;;
2014-12-31;impot courant;Allemagne;DE;-40000000;;-220000000;-910000000;-290000000
2014-12-31;Resultat avant impot;Tchad;TD;;;;;60000000
2014-12-31;impot courant;Colombie;CO;;;;-20000000;
2015-12-31;Produit Net Bancaire;Allemagne;DE;12030000000;2130000000;3560000000;13560000000;31190000000
2014-12-31;resultats/effectifs;Géorgie;GE;;;;;156903.77
2014-12-31;resultats/effectifs;Moldavie;MD;;;;;81521.74
2014-12-31;NB filiales CBCR;Cambodge;KH;;1;;;
2014-12-31;Effectif;Russie;RU;;70;155;437;20966
2015-12-31;resultats/pnb;Sénégal;SN;;;;0.30;0.00
2015-12-31;impot courant;Monaco;MC;;;-30000000;;-200000000
2015-12-31;Effectif;Île Maurice;MU;;275;;;
2015-12-31;Produit Net Bancaire;Mali;ML;;;;140000000;
2014-12-31;resultats/effectifs;Italie;IT;;2737226.28;308706.87;273593.27;588235.29
2014-12-31;Produit Net Bancaire;Indonésie;ID;;;;500000000;
2014-12-31;impot sur bénéfice;Chine;CN;;-10000000;-60000000;-430000000;10000000
2014-12-31;impot différé;Inde;IN;;;;-30000000;10000000
2014-12-31;Total filiales;Émirats Arabes Unis;AE;;2;4;2;3
2014-12-31;NB filiales CBCR;Grèce;GR;;;4;2;2
2014-12-31;impot différé;Slovaquie;SK;;;;;20000000
2014-12-31;Produit Net Bancaire;Arabie Saoudite;SA;;;;140000000;
2014-12-31;impot sur bénéfice;Slovénie;SI;;;;;-80000000
2014-12-31;NB filiales périmètre en +;Singapour;SG;;;1;;
2015-12-31;Produit Net Bancaire;Russie;RU;;200000000;320000000;830000000;7410000000
2015-12-31;resultats/effectifs;Thaïlande;TH;;;;147058.82;
2015-12-31;Produit Net Bancaire;Australie;AU;;180000000;730000000;1380000000;250000000
2014-12-31;Effectif;Equateur;EC;;20;;;
2014-12-31;Resultat avant impot;Suède;SE;;10000000;80000000;10000000;300000000
2015-12-31;resultats/pnb;Tchad;TD;;;;;0.04
2014-12-31;impot sur bénéfice;Croatie;HR;;;;;-30000000
2014-12-31;Total filiales;Vietnam;VN;;1;1;2;
2015-12-31;resultats/pnb;États-Unis;US;0.55;0.33;0.46;0.24;0.20
2015-12-31;Resultat avant impot;Arabie Saoudite;SA;;;;-80000000;
2014-12-31;resultats/pnb;Grèce;GR;;;;;0.25
2014-12-31;resultats/pnb;Bulgarie;BG;;1.00;;0.31;0.38
2014-12-31;resultats/effectifs;Afrique du Sud;ZA;;;;23847.38;750000.00
2014-12-31;resultats/pnb;Norvège;NO;;;;0.06;0.47
2014-12-31;resultats/pnb;Curaçao;CW;;;;;1.00
2014-12-31;resultats/effectifs;Ghana;GH;;;;;155148.10
2014-12-31;Produit Net Bancaire;Macédoine;MK;;;;;190000000
2014-12-31;Effectif;Slovénie;SI;;;;;837
2014-12-31;Effectif;Maroc;MA;;4;2522;3630;3778
2015-12-31;impot courant;Hongrie;HU;;;;-80000000;
2015-12-31;Effectif;Equateur;EC;;23;;;
2014-12-31;resultats/effectifs;Monaco;MC;1111111.11;3125000.00;1140142.52;1037735.85;2000000.00
2015-12-31;resultats/pnb;Slovénie;SI;;;;;0.06
2014-12-31;Effectif;Tchad;TD;;;;;195
2015-12-31;impot courant;Malaisie;MY;;;-10000000;;
2014-12-31;Effectif;France;FR;65830;91682;38053;56953;51794
2015-12-31;impot courant;Slovénie;SI;;;;;-40000000
2015-12-31;impot courant;Autriche;AT;;;-20000000;-20000000;-10000000
2014-12-31;Effectif;Thaïlande;TH;;71;;63;
2015-12-31;impot courant;Afrique du Sud;ZA;;;;-180000000;-20000000
2014-12-31;impot courant;Polynésie Française;PF;;;;;-60000000
2015-12-31;Effectif;Turquie;TR;;50;;10645;11
2014-12-31;impot sur bénéfice;Guinée Équatoriale;GQ;;;;;-50000000
2014-12-31;NB filiales périmètre en +;Arabie Saoudite;SA;;;1;;
2015-12-31;impot sur bénéfice;Brésil;BR;;;-60000000;-640000000;-310000000
2015-12-31;Resultat avant impot;Malaisie;MY;;10000000;30000000;40000000;
2015-12-31;resultats/effectifs;Congo;CG;;363636.36;;;
2014-12-31;NB filiales CBCR;Guernesey;GG;;;2;2;6
2015-12-31;resultats/pnb;Malaisie;MY;;1.00;0.50;0.24;
2015-12-31;Resultat avant impot;Autriche;AT;;100000000;50000000;-30000000;30000000
2014-12-31;impot sur bénéfice;Hong-Kong;HK;;-10000000;-60000000;160000000;-280000000
2015-12-31;resultats/pnb;Autriche;AT;;0.38;0.33;;0.05
2015-12-31;Produit Net Bancaire;France;FR;135350000000;191180000000;90210000000;143050000000;516120000000
2014-12-31;Effectif;États-Unis;US;84;2816;793;14622;2455
2014-12-31;NB filiales CBCR;Malaisie;MY;;1;1;2;
2014-12-31;NB filiales CBCR;Fidji;FJ;;1;;;
2014-12-31;NB filiales CBCR;Autriche;AT;;4;;8;3
2015-12-31;Produit Net Bancaire;Japon;JP;;410000000;2300000000;4570000000;3080000000
2014-12-31;Effectif;Burkina Faso;BF;;;;295;246
2015-12-31;impot sur bénéfice;Slovénie;SI;;;;;-20000000
2014-12-31;Total filiales;Estonie;EE;;;;;1
2014-12-31;resultats/effectifs;Colombie;CO;;;;41493.78;
2014-12-31;impot sur bénéfice;Congo;CG;;-30000000;;;
2014-12-31;Total filiales;Russie;RU;;2;1;4;21
2014-12-31;Total filiales;Israël;IL;;3;;;
2015-12-31;Effectif;Slovénie;SI;;;;;108
2015-12-31;Produit Net Bancaire;Vietnam;VN;;20000000;;130000000;
2014-12-31;resultats/pnb;Vanuatu;VU;;0.40;;;
2015-12-31;Resultat avant impot;Ghana;GH;;;;;160000000
2014-12-31;NB filiales CBCR;Egypte;EG;;;1;;
2015-12-31;impot courant;Serbie;RS;;;;-20000000;
2014-12-31;Total filiales;Nouvelle-Calédonie;NC;;4;;;2
2015-12-31;impot différé;Vietnam;VN;;;;20000000;
2015-12-31;impot sur bénéfice;Polynésie Française;PF;;-80000000;;;-10000000
2014-12-31;resultats/effectifs;Bahamas;BS;;;;;909090.91
2015-12-31;Resultat avant impot;Suède;SE;;;80000000;-30000000;290000000
2015-12-31;Effectif;Grèce;GR;;;82;24;4
2014-12-31;Produit Net Bancaire;Fidji;FJ;;20000000;;;
2015-12-31;resultats/pnb;Mexique;MX;;;;0.16;0.03
2014-12-31;impot sur bénéfice;Taïwan;TW;;;-20000000;-80000000;-40000000
2014-12-31;resultats/effectifs;Turquie;TR;;;;345532.23;240000.00
2015-12-31;impot courant;Hong-Kong;HK;;;-40000000;;-450000000
2015-12-31;Resultat avant impot;Madagascar;MG;;170000000;;;290000000
2014-12-31;impot courant;Moldavie;MD;;;;;-10000000
2014-12-31;resultats/pnb;Egypte;EG;;;0.61;;
2015-12-31;Effectif;Guinée;GN;;;;;37
2014-12-31;Effectif;Portugal;PT;399;149;424;1586;85
2015-12-31;impot courant;Indonésie;ID;;;;-90000000;
2014-12-31;impot courant;Danemark;DK;;;;-20000000;-90000000
2014-12-31;Effectif;Finlande;FI;;;11;32;86
2015-12-31;impot sur bénéfice;Albanie;AL;;;;;-10000000
2015-12-31;resultats/effectifs;Pays-Bas;NL;;1710526.32;901162.79;1528340.08;8461538.46
2014-12-31;resultats/pnb;Tchad;TD;;;;;0.29
2014-12-31;resultats/pnb;Moldavie;MD;;;;;0.27
2015-12-31;Produit Net Bancaire;Vanuatu;VU;;110000000;;;
2014-12-31;NB filiales CBCR;Afrique du Sud;ZA;;2;;7;1
2014-12-31;Produit Net Bancaire;Allemagne;DE;9370000000;1890000000;2990000000;11140000000;7440000000
2015-12-31;resultats/effectifs;Tchad;TD;;;;;3478260.87
2014-12-31;resultats/pnb;Corée du Sud;KR;;;0.53;0.18;0.33
2014-12-31;resultats/pnb;Guinée;GN;;;;;0.43
2014-12-31;resultats/pnb;Danemark;DK;;0.06;;0.26;0.58
2014-12-31;NB filiales CBCR;Italie;IT;1;6;19;41;13
2015-12-31;impot différé;Suisse;CH;;;20000000;540000000;60000000
2015-12-31;Effectif;Ghana;GH;;;;;68
2014-12-31;Produit Net Bancaire;Burkina Faso;BF;;;;220000000;290000000
2015-12-31;impot sur bénéfice;Hong-Kong;HK;;-50000000;;-40000000;-590000000
2014-12-31;Produit Net Bancaire;Guinée Équatoriale;GQ;;;;;270000000
2014-12-31;Total filiales;France;FR;354;413;622;158;308
2015-12-31;Effectif;Bulgarie;BG;;9;;1080;112
2015-12-31;Effectif;Hong-Kong;HK;;306;633;2382;767
2014-12-31;Produit Net Bancaire;Suède;SE;;30000000;210000000;240000000;540000000
2014-12-31;resultats/pnb;Royaume-Uni;GB;0.91;0.48;0.45;0.30;0.17
2015-12-31;Effectif;Norvège;NO;;;;87;125
2014-12-31;resultats/effectifs;Serbie;RS;;;11587.49;126582.28;69177.56
2015-12-31;Effectif;Curaçao;CW;;;;;1
2015-12-31;impot courant;Macédoine;MK;;;;;-10000000
2014-12-31;impot sur bénéfice;Tchad;TD;;;;;-10000000
2014-12-31;NB filiales CBCR;Bahamas;BS;;;1;;1
2015-12-31;resultats/effectifs;Russie;RU;;1846153.85;1075949.37;1082621.08;
2015-12-31;resultats/effectifs;Bahreïn;BH;;;;1367521.37;
2015-12-31;impot différé;Inde;IN;;;80000000;40000000;-20000000
2015-12-31;Resultat avant impot;Guinée;GN;;;;;150000000
2014-12-31;resultats/effectifs;Thaïlande;TH;;;;2222222.22;
2014-12-31;Produit Net Bancaire;Australie;AU;;80000000;570000000;1460000000;90000000
2014-12-31;impot courant;Indonésie;ID;;;;-110000000;
2014-12-31;impot courant;Guinée;GN;;;;;-50000000
2014-12-31;NB filiales CBCR;Turquie;TR;;1;;12;2
2015-12-31;impot courant;Italie;IT;;;-2900000000;-3260000000;-640000000
2014-12-31;NB filiales périmètre en +;Pays-Bas;NL;;;2;;1
2015-12-31;impot sur bénéfice;Jersey;JE;;;;;-20000000
2014-12-31;Resultat avant impot;Bahamas;BS;;;-10000000;;40000000
2014-12-31;NB filiales CBCR;Mexique;MX;;3;;4;3
2014-12-31;Effectif;Roumanie;RO;;91;274;814;8250
2014-12-31;Effectif;Inde;IN;;7;127;2467;3968
2015-12-31;Resultat avant impot;République Tchèque;CZ;-20000000;10000000;70000000;700000000;5930000000
2015-12-31;impot sur bénéfice;Luxembourg;LU;-320000000;-180000000;-820000000;-1110000000;-940000000
2014-12-31;impot différé;Pologne;PL;;;120000000;-10000000;-90000000
2014-12-31;Total filiales;Pays-Bas;NL;1;6;34;37;13
2014-12-31;Effectif;Lettonie;LV;;7;;;
2014-12-31;Resultat avant impot;Turquie;TR;;;;3720000000;30000000
2015-12-31;Produit Net Bancaire;Chine;CN;;150000000;480000000;2070000000;5150000000
2015-12-31;impot sur bénéfice;Pays-Bas;NL;;-30000000;-270000000;-630000000;
2015-12-31;resultats/pnb;Grèce;GR;;;;;0.03
2014-12-31;impot sur bénéfice;Sénégal;SN;;;;-20000000;80000000
2014-12-31;Resultat avant impot;Mexique;MX;;-30000000;;10000000;20000000
2014-12-31;Produit Net Bancaire;Bahamas;BS;;;10000000;;150000000
2014-12-31;Resultat avant impot;Chypre;CY;;;;;10000000
2014-12-31;resultats/effectifs;Qatar;QA;;;;810810.81;
2014-12-31;Resultat avant impot;États-Unis;US;1690000000;6950000000;4400000000;7240000000;2190000000
2014-12-31;NB filiales CBCR;Monaco;MC;2;;2;2;4
2015-12-31;impot courant;Ghana;GH;;;;;-50000000
2014-12-31;Produit Net Bancaire;Turquie;TR;;50000000;;11590000000;220000000
2015-12-31;Effectif;Egypte;EG;;;2328;;
2015-12-31;impot différé;Pays-Bas;NL;;;-20000000;-130000000;-10000000
2015-12-31;resultats/effectifs;Mexique;MX;;;;149253.73;3000000.00
2014-12-31;Total filiales;Bahreïn;BH;;;;2;
2014-12-31;impot différé;Hongrie;HU;;;;60000000;
2014-12-31;impot différé;Indonésie;ID;;;;20000000;
2015-12-31;Resultat avant impot;Polynésie Française;PF;;200000000;;;30000000
2014-12-31;resultats/pnb;Nouvelle-Calédonie;NC;;0.56;;;0.53
2014-12-31;resultats/pnb;Monaco;MC;0.50;0.91;0.38;0.35;0.45
2014-12-31;impot différé;Japon;JP;;;-1020000000;10000000;-40000000
2014-12-31;Effectif;Mexique;MX;;51;;181;90
2014-12-31;Effectif;Sénégal;SN;;;;440;756
2014-12-31;resultats/effectifs;Chili;CL;;;;1006289.31;
2014-12-31;Effectif;Suède;SE;;16;38;154;124
2015-12-31;resultats/effectifs;France;FR;970711.55;534571.20;212199.47;341341.85;1366454.49
2015-12-31;resultats/pnb;Émirats Arabes Unis;AE;;0.20;0.63;0.26;
2014-12-31;resultats/effectifs;Danemark;DK;;126582.28;;425531.91;2260273.97
2015-12-31;Resultat avant impot;Îles Caïmans;KY;;20000000;380000000;1340000000;
2015-12-31;impot courant;Sénégal;SN;;;;-40000000;-20000000
2014-12-31;Produit Net Bancaire;Algérie;DZ;;690000000;120000000;1200000000;1340000000
2014-12-31;Effectif;Singapour;SG;214;166;417;1861;376
2014-12-31;impot différé;Grèce;GR;;;-140000000;;
2015-12-31;impot sur bénéfice;Bénin;BJ;;;;;60000000
2015-12-31;resultats/pnb;Singapour;SG;0.18;0.39;0.30;0.34;0.20
2014-12-31;resultats/pnb;Colombie;CO;;;;0.04;
2014-12-31;NB filiales périmètre en +;Maroc;MA;;;2;;
2015-12-31;Effectif;États-Unis;US;84;2796;799;15544;1710
2014-12-31;Resultat avant impot;Egypte;EG;;;1160000000;;
2014-12-31;impot sur bénéfice;Irlande;IE;;-10000000;-40000000;-180000000;
2014-12-31;impot sur bénéfice;Nouvelle-Calédonie;NC;;-110000000;;;-160000000
2014-12-31;NB filiales périmètre en +;Suisse;CH;1;;4;;
2014-12-31;Resultat avant impot;Mali;ML;;;;40000000;
2015-12-31;resultats/pnb;Maroc;MA;;;0.06;0.19;0.03
2015-12-31;Produit Net Bancaire;Suède;SE;;30000000;230000000;170000000;1380000000
2014-12-31;Total filiales;Espagne;ES;12;5;12;29;9
2014-12-31;Total filiales;Uruguay;UY;;;1;;
2014-12-31;resultats/effectifs;Suisse;CH;85714.29;;449152.54;;507757.40
2014-12-31;impot différé;Pays-Bas;NL;;;-30000000;60000000;
2015-12-31;Resultat avant impot;Lituanie;LT;;10000000;;;10000000
2014-12-31;Produit Net Bancaire;Guinée;GN;;;;;280000000
2014-12-31;impot sur bénéfice;Mali;ML;;;;-10000000;
2015-12-31;Effectif;Moldavie;MD;;;;;729
2015-12-31;Effectif;Géorgie;GE;;;;;49
2015-12-31;Resultat avant impot;Qatar;QA;;;;100000000;
2015-12-31;impot sur bénéfice;Sénégal;SN;;;;-40000000;-10000000
2015-12-31;Produit Net Bancaire;Djibouti;DJ;;250000000;;;
2015-12-31;Effectif;Vietnam;VN;;53;;49;
2014-12-31;impot sur bénéfice;Polynésie Française;PF;;-100000000;;;-20000000
2014-12-31;Total filiales;Ukraine;UA;;;1;2;1
2014-12-31;impot sur bénéfice;Pays-Bas;NL;;-20000000;-80000000;-340000000;-30000000
2014-12-31;impot courant;Suisse;CH;-10000000;;-260000000;-490000000;-30000000
2014-12-31;resultats/effectifs;Allemagne;DE;43103.45;615384.62;639639.64;713427.82;613162.12
2015-12-31;Effectif;SaintMartin;SX;8;;;;
2015-12-31;Effectif;Sénégal;SN;;;;443;71
2015-12-31;Produit Net Bancaire;Congo;CG;;230000000;;;
2015-12-31;impot sur bénéfice;Singapour;SG;-10000000;-40000000;;-200000000;
2014-12-31;NB filiales périmètre en +;Bahamas;BS;3;;;;
2015-12-31;resultats/pnb;Egypte;EG;;;0.56;;
2014-12-31;resultats/pnb;Vietnam;VN;;;;0.82;
2014-12-31;Total filiales;Cambodge;KH;;1;;;
2015-12-31;Resultat avant impot;Chypre;CY;;;;;10000000
2015-12-31;Produit Net Bancaire;Cameroun;CM;;850000000;;;6260000000
2015-12-31;Resultat avant impot;SaintMartin;SX;10000000;;;;
2015-12-31;impot sur bénéfice;Pologne;PL;;-40000000;-220000000;-70000000;-150000000
2015-12-31;Resultat avant impot;Chili;CL;;30000000;;290000000;
2014-12-31;resultats/effectifs;Australie;AU;;555555.56;15172413.79;1266375.55;
2015-12-31;Resultat avant impot;Corée du Sud;KR;;;10000000;130000000;580000000
2014-12-31;resultats/effectifs;République Tchèque;CZ;;1428571.43;;1131147.54;694642.01
2015-12-31;Effectif;Monaco;MC;9;41;422;201;149
2014-12-31;NB filiales CBCR;Serbie;RS;;;1;2;2
2015-12-31;Effectif;Vanuatu;VU;;118;;;
2015-12-31;Resultat avant impot;Vietnam;VN;;20000000;50000000;40000000;
2015-12-31;Resultat avant impot;Indonésie;ID;;;;220000000;
2014-12-31;Produit Net Bancaire;Nouvelle-Calédonie;NC;;660000000;;;790000000
2014-12-31;impot courant;Vietnam;VN;;;;-30000000;
2014-12-31;impot courant;Ghana;GH;;;;;-50000000
2015-12-31;Effectif;Qatar;QA;;;;28;
2014-12-31;impot différé;Chine;CN;;;20000000;-60000000;10000000
2014-12-31;resultats/pnb;Guernesey;GG;;;;0.14;
2015-12-31;Produit Net Bancaire;Polynésie Française;PF;;580000000;;;2880000000
2015-12-31;Produit Net Bancaire;Espagne;ES;2560000000;1600000000;1690000000;8180000000;6270000000
2014-12-31;impot différé;Egypte;EG;;;-10000000;;
2015-12-31;resultats/pnb;Bahamas;BS;;;;;0.08
2015-12-31;impot différé;Espagne;ES;;;40000000;-590000000;250000000
2014-12-31;Produit Net Bancaire;Chypre;CY;;;;;10000000
2014-12-31;NB filiales CBCR;Burkina Faso;BF;;;;1;1
2014-12-31;NB filiales CBCR;Laos;LA;;2;;;
2014-12-31;Resultat avant impot;Lituanie;LT;;10000000;;;10000000
2015-12-31;resultats/pnb;Turquie;TR;;;;0.29;
2015-12-31;Produit Net Bancaire;Ukraine;UA;;;1140000000;1310000000;
2015-12-31;Effectif;Chili;CL;;41;;350;
2015-12-31;Resultat avant impot;Macédoine;MK;;;;;80000000
2014-12-31;Produit Net Bancaire;Djibouti;DJ;;200000000;;;
2014-12-31;NB filiales CBCR;Arabie Saoudite;SA;;;;2;
2015-12-31;Resultat avant impot;Vanuatu;VU;;50000000;;;
2014-12-31;NB filiales périmètre en +;Royaume-Uni;GB;1;;6;;
2014-12-31;Total filiales;Allemagne;DE;12;12;8;28;45
2014-12-31;Effectif;Bulgarie;BG;;8;;1055;1506
2014-12-31;NB filiales CBCR;Botswana;BW;;;;1;
2014-12-31;Effectif;Norvège;NO;;;;100;328
2014-12-31;Total filiales;Fidji;FJ;;1;;;
2015-12-31;impot différé;Nouvelle-Calédonie;NC;;;;;-10000000
2014-12-31;resultats/pnb;Burkina Faso;BF;;;;0.23;0.31
2014-12-31;resultats/pnb;Maroc;MA;;;0.18;0.22;0.30
2015-12-31;impot sur bénéfice;Madagascar;MG;;-30000000;;;-60000000
2015-12-31;Effectif;Côte d'Ivoire;CI;;;;569;124
2015-12-31;Effectif;Colombie;CO;;;;256;
2015-12-31;impot courant;Qatar;QA;;;;-10000000;
2014-12-31;Produit Net Bancaire;Belgique;BE;4200000000;210000000;400000000;45140000000;1930000000
2015-12-31;impot courant;Turquie;TR;;;;-810000000;
2014-12-31;impot courant;Afrique du Sud;ZA;;;;-30000000;-20000000
2015-12-31;resultats/effectifs;Maroc;MA;;;47430.83;183660.54;2256532.07
2014-12-31;Produit Net Bancaire;Laos;LA;;50000000;;;
2014-12-31;NB filiales périmètre en +;Autriche;AT;;;2;;
2014-12-31;Resultat avant impot;Polynésie Française;PF;;170000000;;;30000000
2014-12-31;Resultat avant impot;Grèce;GR;;;-30000000;;10000000
2014-12-31;Produit Net Bancaire;Cameroun;CM;;820000000;;;720000000
2014-12-31;Total filiales;Malaisie;MY;;1;1;2;
2014-12-31;impot sur bénéfice;Russie;RU;;-30000000;-20000000;-180000000;-510000000
2014-12-31;impot différé;Royaume-Uni;GB;10000000;;-310000000;-720000000;-450000000
2015-12-31;impot différé;Chili;CL;;;;-60000000;
2014-12-31;impot sur bénéfice;Brésil;BR;;-20000000;-40000000;-770000000;-40000000
2014-12-31;Produit Net Bancaire;Egypte;EG;;;1900000000;;
2014-12-31;Total filiales;Australie;AU;;3;2;6;1
2015-12-31;Produit Net Bancaire;Algérie;DZ;;670000000;80000000;1230000000;14270000000
2015-12-31;resultats/pnb;Monaco;MC;0.67;0.25;0.40;0.37;0.16
2015-12-31;impot sur bénéfice;Autriche;AT;;-30000000;-10000000;;-10000000
2014-12-31;NB filiales CBCR;Gibraltar;GI;;;;;2
2014-12-31;impot sur bénéfice;Maroc;MA;;;-120000000;-360000000;-490000000
2015-12-31;impot courant;Chili;CL;;;;-10000000;
2014-12-31;NB filiales CBCR;Guinée Équatoriale;GQ;;;;;1
2015-12-31;resultats/effectifs;Suède;SE;;;2000000.00;;5370370.37
2014-12-31;resultats/pnb;Italie;IT;;0.45;0.11;0.10;0.18
2015-12-31;Produit Net Bancaire;Israël;IL;;120000000;;;
2014-12-31;NB filiales CBCR;Mali;ML;;;;1;
2014-12-31;Produit Net Bancaire;Vietnam;VN;;20000000;;220000000;
2014-12-31;resultats/effectifs;Guinée;GN;;;;;413793.10
2014-12-31;Effectif;Slovaquie;SK;2;8;11;162;103
2015-12-31;impot courant;Burkina Faso;BF;;;;-10000000;-10000000
2015-12-31;resultats/effectifs;Allemagne;DE;391740.91;1220196.35;972104.82;940836.30;1898734.18
2015-12-31;resultats/pnb;Slovaquie;SK;;;;0.32;0.45
2014-12-31;Resultat avant impot;Fidji;FJ;;-20000000;;;
2015-12-31;Produit Net Bancaire;Madagascar;MG;;300000000;;;8050000000
2015-12-31;impot courant;Slovaquie;SK;;;;-40000000;-50000000
2014-12-31;Total filiales;Koweït;KW;;;;1;
2014-12-31;impot différé;Allemagne;DE;60000000;;20000000;-190000000;-80000000
2014-12-31;impot sur bénéfice;Singapour;SG;-20000000;-60000000;-80000000;-190000000;150000000
2015-12-31;resultats/effectifs;Bahamas;BS;;;;;2222222.22
2015-12-31;impot courant;Suisse;CH;-30000000;;-200000000;-470000000;-50000000
2015-12-31;Produit Net Bancaire;Îles Caïmans;KY;;20000000;380000000;390000000;
2014-12-31;Effectif;Bahamas;BS;9;;;;44
2014-12-31;impot sur bénéfice;France;FR;-13950000000;-14470000000;2010000000;-8840000000;-3140000000
2015-12-31;resultats/effectifs;Turquie;TR;;;;334429.31;
2014-12-31;Resultat avant impot;Guernesey;GG;;;;10000000;
2014-12-31;Produit Net Bancaire;Mali;ML;;;;140000000;
2015-12-31;resultats/effectifs;Australie;AU;;2592592.59;20333333.33;;
2014-12-31;resultats/effectifs;Pays-Bas;NL;;1408450.70;973451.33;1437435.37;426829.27
2014-12-31;Effectif;Turquie;TR;;51;;10766;125
2014-12-31;Produit Net Bancaire;Vanuatu;VU;;100000000;;;
2014-12-31;impot différé;Australie;AU;;;50000000;-140000000;10000000
2015-12-31;impot sur bénéfice;Slovaquie;SK;;;;-20000000;
2015-12-31;impot différé;Canada;CA;;;;30000000;-30000000
2014-12-31;impot sur bénéfice;Malaisie;MY;;;-10000000;-30000000;
2014-12-31;Effectif;Géorgie;GE;;;;;956
2014-12-31;Effectif;Moldavie;MD;;;;;736
2014-12-31;NB filiales CBCR;Guinée;GN;;;;1;1
2015-12-31;resultats/pnb;Corée du Sud;KR;;;0.04;0.13;0.46
2014-12-31;impot courant;Guinée Équatoriale;GQ;;;;;-40000000
2015-12-31;Resultat avant impot;Grèce;GR;;;-240000000;;10000000
2014-12-31;impot sur bénéfice;Autriche;AT;;-20000000;;-10000000;-10000000
2014-12-31;resultats/effectifs;Côte d'Ivoire;CI;;;;316901.41;418483.00
2015-12-31;Produit Net Bancaire;Luxembourg;LU;3240000000;2080000000;6430000000;12080000000;15700000000
2014-12-31;Effectif;Danemark;DK;;79;;141;146
2015-12-31;impot courant;Singapour;SG;-10000000;;-60000000;-210000000;
2014-12-31;Resultat avant impot;Guinée;GN;;;;;120000000
2014-12-31;Total filiales;Brunei;BN;;;1;;
2015-12-31;Resultat avant impot;Nouvelle-Calédonie;NC;;300000000;;;410000000
2014-12-31;resultats/pnb;République Tchèque;CZ;;0.50;;0.53;0.52
2014-12-31;Total filiales;Îles Caïmans;KY;2;2;2;7;3
2014-12-31;Produit Net Bancaire;Polynésie Française;PF;;550000000;;;520000000
2015-12-31;Effectif;Italie;IT;190;289;10348;17973;663
2015-12-31;resultats/effectifs;Polynésie Française;PF;;675675.68;;;652173.91
2015-12-31;resultats/pnb;Lituanie;LT;;0.50;;;
2015-12-31;impot différé;Corée du Sud;KR;;;10000000;-20000000;-20000000
2014-12-31;Total filiales;Inde;IN;;2;4;12;5
2015-12-31;Resultat avant impot;États-Unis;US;750000000;8410000000;4640000000;10670000000;4700000000
2015-12-31;Effectif;Espagne;ES;1512;276;236;2479;374
2015-12-31;Effectif;Uruguay;UY;;1;;;
2014-12-31;NB filiales CBCR;Lituanie;LT;;1;;;1
2015-12-31;impot courant;Côte d'Ivoire;CI;;;;-30000000;-90000000
2015-12-31;Effectif;Danemark;DK;;79;;151;69
2015-12-31;Resultat avant impot;Île Maurice;MU;;20000000;;;
2015-12-31;impot sur bénéfice;Ghana;GH;;;;;-50000000
2014-12-31;Effectif;Guinée;GN;;;;;290
2014-12-31;impot courant;Chili;CL;;;;-10000000;
2015-12-31;Effectif;Singapour;SG;232;181;460;2002;146
2014-12-31;NB filiales CBCR;Île de Man;IM;;;;1;
2015-12-31;Effectif;Ukraine;UA;;;2312;5433;
2014-12-31;Produit Net Bancaire;Grèce;GR;;;180000000;20000000;40000000
2015-12-31;Produit Net Bancaire;Belgique;BE;4460000000;220000000;480000000;47420000000;4830000000
2014-12-31;resultats/pnb;Espagne;ES;0.44;0.67;0.57;0.53;0.58
2014-12-31;Resultat avant impot;Italie;IT;-110000000;750000000;3230000000;4940000000;1140000000
2014-12-31;Produit Net Bancaire;Philippines;PH;;;;10000000;
2015-12-31;impot sur bénéfice;France;FR;-16160000000;-17600000000;-2130000000;-11780000000;-5800000000
2014-12-31;resultats/pnb;Ukraine;UA;;;0.03;;
2014-12-31;NB filiales CBCR;Argentine;AR;;1;;6;
2015-12-31;Resultat avant impot;Espagne;ES;1060000000;720000000;760000000;4610000000;1630000000
2014-12-31;impot courant;Espagne;ES;-250000000;;-340000000;-1520000000;-460000000
2014-12-31;Total filiales;Corée du Sud;KR;;;3;5;4
2014-12-31;resultats/effectifs;Vietnam;VN;;;;3600000.00;
2014-12-31;NB filiales périmètre en +;Canada;CA;;;1;;1
2014-12-31;resultats/pnb;Argentine;AR;;0.40;;0.62;
2014-12-31;Total filiales;Suède;SE;;2;4;7;4
2014-12-31;NB filiales CBCR;Royaume-Uni;GB;6;19;9;58;52
2014-12-31;impot sur bénéfice;Monténégro;ME;;;;;-10000000
2015-12-31;impot sur bénéfice;Hongrie;HU;;;;-90000000;
2014-12-31;resultats/effectifs;Japon;JP;;;1297539.15;2042253.52;6302816.90
2014-12-31;resultats/pnb;Serbie;RS;;;0.03;0.24;0.10
2015-12-31;impot sur bénéfice;Indonésie;ID;;;;-80000000;
2015-12-31;Resultat avant impot;Ukraine;UA;;;190000000;-180000000;60000000
2015-12-31;resultats/effectifs;Malaisie;MY;;2000000.00;1428571.43;500000.00;
2015-12-31;resultats/pnb;Italie;IT;;0.63;0.25;0.15;0.09
2015-12-31;Produit Net Bancaire;Guernesey;GG;;;10000000;70000000;
2015-12-31;Resultat avant impot;Egypte;EG;;;1440000000;;
2014-12-31;impot courant;Ukraine;UA;;;-10000000;;
2015-12-31;resultats/effectifs;Autriche;AT;;970873.79;1190476.19;;3000000.00
2014-12-31;Effectif;Colombie;CO;;;;241;
2014-12-31;resultats/effectifs;Canada;CA;;2368421.05;;1003584.23;1111111.11
2015-12-31;Resultat avant impot;Monténégro;ME;;;;;70000000
2014-12-31;Resultat avant impot;Monaco;MC;10000000;100000000;480000000;220000000;630000000
2015-12-31;Effectif;Israël;IL;;101;;;
2014-12-31;impot courant;Pays-Bas;NL;;;-50000000;-400000000;-30000000
2015-12-31;impot courant;Algérie;DZ;;;-10000000;-120000000;-210000000
2014-12-31;impot sur bénéfice;République Tchèque;CZ;;;-20000000;-160000000;-1020000000
2015-12-31;Produit Net Bancaire;Maroc;MA;;-40000000;1910000000;3020000000;37670000000
2014-12-31;impot différé;Corée du Sud;KR;;;-10000000;-30000000;20000000
2015-12-31;Produit Net Bancaire;Tchad;TD;;;;;2140000000
2015-12-31;Effectif;Burkina Faso;BF;;;;280;26
2014-12-31;impot courant;Canada;CA;;;;-70000000;-60000000
2014-12-31;NB filiales CBCR;Gabon;GA;;;;1;
2015-12-31;Resultat avant impot;Liban;LB;;;;;200000000
2014-12-31;Effectif;Grèce;GR;;;132;23;38
2015-12-31;resultats/pnb;Vanuatu;VU;;0.45;;;
2014-12-31;Produit Net Bancaire;Bermudes;BM;;;-10000000;;120000000
2015-12-31;Resultat avant impot;Algérie;DZ;;230000000;60000000;520000000;810000000
2014-12-31;resultats/pnb;Pays-Bas;NL;;0.48;0.28;0.37;0.22
2015-12-31;impot sur bénéfice;Macédoine;MK;;;;;-10000000
2014-12-31;resultats/effectifs;Vanuatu;VU;;363636.36;;;
2014-12-31;Total filiales;Croatie;HR;;;;;3
2015-12-31;Resultat avant impot;Gibraltar;GI;;;;;30000000
2014-12-31;impot sur bénéfice;Pologne;PL;;-20000000;-260000000;-260000000;-90000000
2015-12-31;Produit Net Bancaire;Grèce;GR;;;90000000;30000000;370000000
2014-12-31;impot différé;Italie;IT;;;-1990000000;1960000000;320000000
2015-12-31;Effectif;Inde;IN;;4;135;4109;71
2015-12-31;impot courant;Royaume-Uni;GB;-70000000;;-360000000;-950000000;-570000000
2014-12-31;impot sur bénéfice;Suède;SE;;;-20000000;;-70000000
2014-12-31;NB filiales CBCR;Vietnam;VN;;1;1;2;
2014-12-31;Total filiales;Tunisie;TN;2;8;1;1;1
2014-12-31;impot sur bénéfice;Slovaquie;SK;;;;-30000000;-10000000
2014-12-31;Total filiales;Autriche;AT;;4;2;8;3
2014-12-31;Resultat avant impot;Îles Caïmans;KY;10000000;50000000;350000000;40000000;
2015-12-31;Resultat avant impot;Estonie;EE;;;;;10000000
2014-12-31;Produit Net Bancaire;Ghana;GH;;;;;620000000
2014-12-31;NB filiales périmètre en +;Allemagne;DE;;;2;;
2015-12-31;Resultat avant impot;Israël;IL;;20000000;;;
2015-12-31;impot sur bénéfice;Guinée Équatoriale;GQ;;;;;-50000000
2014-12-31;Resultat avant impot;Vietnam;VN;;-110000000;-30000000;180000000;
2015-12-31;Resultat avant impot;Japon;JP;;60000000;1050000000;2320000000;1580000000
2015-12-31;resultats/pnb;Guinée;GN;;;;;0.05
2014-12-31;NB filiales CBCR;Suisse;CH;4;5;5;7;8
2015-12-31;impot sur bénéfice;Burkina Faso;BF;;;;-10000000;10000000
2014-12-31;impot sur bénéfice;Hongrie;HU;;;;-30000000;
2014-12-31;resultats/pnb;Thaïlande;TH;;;;0.58;
2014-12-31;Produit Net Bancaire;Espagne;ES;2360000000;1390000000;1900000000;7630000000;4000000000
2014-12-31;resultats/effectifs;Arabie Saoudite;SA;;;;1428571.43;
2014-12-31;Total filiales;Burkina Faso;BF;;;;1;1
2014-12-31;Produit Net Bancaire;Uruguay;UY;;;10000000;;
2014-12-31;resultats/effectifs;Malaisie;MY;;5000000.00;1500000.00;1587301.59;
2014-12-31;NB filiales périmètre en +;Australie;AU;;;1;;
2015-12-31;impot différé;Autriche;AT;;;10000000;20000000;
2015-12-31;Produit Net Bancaire;Roumanie;RO;;70000000;90000000;510000000;84050000000
2015-12-31;Effectif;Serbie;RS;;;864;845;98
2014-12-31;resultats/pnb;Tunisie;TN;;0.18;;0.41;0.37
2015-12-31;impot différé;Bénin;BJ;;;;;60000000
2014-12-31;NB filiales CBCR;Thaïlande;TH;;1;;1;1
2014-12-31;NB filiales CBCR;Vanuatu;VU;;2;;;
2015-12-31;impot sur bénéfice;Mexique;MX;;-30000000;;;-10000000
2014-12-31;Effectif;Vietnam;VN;;52;;50;
2015-12-31;Produit Net Bancaire;Macédoine;MK;;;;;3760000000
2014-12-31;Total filiales;Botswana;BW;;;;1;
2014-12-31;resultats/pnb;Suisse;CH;0.03;;0.14;;0.16
2014-12-31;Produit Net Bancaire;Ukraine;UA;;;1250000000;1200000000;
2014-12-31;resultats/effectifs;Chine;CN;;923076.92;2032520.33;4639175.26;223463.69
2014-12-31;Produit Net Bancaire;Italie;IT;260000000;1670000000;28740000000;48830000000;6190000000
2015-12-31;Resultat avant impot;Monaco;MC;20000000;30000000;560000000;230000000;590000000
2015-12-31;impot courant;Guinée;GN;;;;;-70000000
2014-12-31;NB filiales périmètre en +;États-Unis;US;;;2;;1
2014-12-31;Resultat avant impot;Vanuatu;VU;;40000000;;;
2014-12-31;NB filiales CBCR;Slovénie;SI;;;;;3
2014-12-31;Produit Net Bancaire;République Tchèque;CZ;80000000;20000000;160000000;1310000000;11180000000
2014-12-31;Resultat avant impot;Algérie;DZ;;400000000;90000000;610000000;630000000
2014-12-31;Produit Net Bancaire;Portugal;PT;1090000000;310000000;1090000000;1570000000;160000000
2015-12-31;Produit Net Bancaire;Croatie;HR;;;;;14220000000
2015-12-31;impot sur bénéfice;Qatar;QA;;;;-10000000;
2014-12-31;Resultat avant impot;Serbie;RS;;;10000000;110000000;90000000
2015-12-31;Effectif;Japon;JP;;125;444;701;292
2015-12-31;resultats/effectifs;Inde;IN;;;;304210.27;10704225.35
2014-12-31;Effectif;Egypte;EG;;;2282;;
2015-12-31;impot différé;Croatie;HR;;;;;10000000
2015-12-31;Produit Net Bancaire;Tunisie;TN;;390000000;;740000000;12490000000
2015-12-31;resultats/effectifs;Vanuatu;VU;;423728.81;;;
2014-12-31;impot différé;États-Unis;US;-290000000;;-110000000;500000000;-1870000000
2014-12-31;resultats/pnb;Inde;IN;;;0.67;0.70;0.92
2014-12-31;resultats/pnb;Koweït;KW;;;;0.43;
2014-12-31;Effectif;Vanuatu;VU;;110;;;
2015-12-31;impot différé;Tunisie;TN;;;;30000000;-40000000
2014-12-31;resultats/effectifs;Jersey;JE;;;;1839622.64;913242.01
2014-12-31;Total filiales;Taïwan;TW;;2;2;5;2
2015-12-31;Effectif;Slovaquie;SK;1;8;7;170;38
2014-12-31;resultats/pnb;États-Unis;US;1.32;0.33;0.52;0.21;0.18
2015-12-31;impot sur bénéfice;Russie;RU;;-10000000;;-100000000;160050000000
2015-12-31;impot différé;Royaume-Uni;GB;10000000;;-90000000;330000000;-10000000
2015-12-31;impot sur bénéfice;Chili;CL;;;;-70000000;
2015-12-31;Produit Net Bancaire;Egypte;EG;;;2560000000;;
2015-12-31;impot courant;Nouvelle-Calédonie;NC;;;;;-180000000
2014-12-31;impot différé;Maroc;MA;;;-10000000;-20000000;100000000
2015-12-31;Resultat avant impot;Djibouti;DJ;;-100000000;;;
2014-12-31;Resultat avant impot;Émirats Arabes Unis;AE;;10000000;140000000;160000000;40000000
2014-12-31;Produit Net Bancaire;Monaco;MC;20000000;110000000;1280000000;620000000;1400000000
2015-12-31;Produit Net Bancaire;Guinée Équatoriale;GQ;;;;;2920000000
2014-12-31;impot courant;Jersey;JE;;;;;-20000000
2015-12-31;impot différé;Japon;JP;;;-190000000;-380000000;-140000000
2014-12-31;Produit Net Bancaire;Israël;IL;;80000000;;;
2015-12-31;Produit Net Bancaire;Equateur;EC;;10000000;;;
2014-12-31;Produit Net Bancaire;Guernesey;GG;;;10000000;70000000;
2014-12-31;Effectif;Fidji;FJ;;59;;;
2015-12-31;impot courant;Cameroun;CM;;;;;-100000000
2014-12-31;Effectif;Bahreïn;BH;;;;360;
2015-12-31;resultats/pnb;Serbie;RS;;;0.06;0.40;0.02
2014-12-31;NB filiales périmètre en +;Espagne;ES;;;6;;1
2015-12-31;Effectif;Pays-Bas;NL;;76;344;988;156
2015-12-31;Resultat avant impot;Afrique du Sud;ZA;;;;300000000;70000000
2014-12-31;resultats/effectifs;Inde;IN;;;2440944.88;389136.60;141129.03
2015-12-31;Resultat avant impot;Chine;CN;;-120000000;240000000;1130000000;-130000000
2015-12-31;Resultat avant impot;Belgique;BE;1360000000;80000000;220000000;17100000000;670000000
2014-12-31;NB filiales CBCR;Hong-Kong;HK;1;5;6;10;12
2015-12-31;impot courant;Japon;JP;;;-140000000;-500000000;-310000000
2015-12-31;impot courant;Émirats Arabes Unis;AE;;;-10000000;40000000;
2014-12-31;Produit Net Bancaire;Roumanie;RO;;70000000;100000000;500000000;5960000000
2014-12-31;Effectif;Italie;IT;138;274;10463;18056;1938
2014-12-31;Effectif;Luxembourg;LU;831;272;1315;3664;1275
2015-12-31;resultats/effectifs;Guinée;GN;;;;;4054054.05
2015-12-31;Produit Net Bancaire;Koweït;KW;;;;80000000;
2015-12-31;Resultat avant impot;Cameroun;CM;;300000000;;;310000000
2014-12-31;Produit Net Bancaire;Lettonie;LV;;10000000;;;
2014-12-31;Total filiales;Chypre;CY;;;;;1
2015-12-31;Produit Net Bancaire;Bermudes;BM;;;-10000000;;
2014-12-31;impot différé;Nouvelle-Calédonie;NC;;;;;10000000
2015-12-31;Effectif;Suisse;CH;309;94;1165;1385;232
2015-12-31;impot courant;Canada;CA;;;;-100000000;-40000000
2014-12-31;NB filiales périmètre en +;Inde;IN;;;2;;
2014-12-31;resultats/effectifs;Congo;CG;;357142.86;;;
2015-12-31;resultats/effectifs;Lituanie;LT;;666666.67;;;
2015-12-31;Effectif;Bahreïn;BH;;;;351;
2014-12-31;impot différé;Guinée Équatoriale;GQ;;;;;-10000000
2015-12-31;Resultat avant impot;Argentine;AR;;;;680000000;
2015-12-31;resultats/pnb;Îles Caïmans;KY;;1.00;1.00;3.44;
2015-12-31;resultats/effectifs;Grèce;GR;;;;;2500000.00
2014-12-31;impot différé;Turquie;TR;;;;130000000;
2014-12-31;impot différé;Serbie;RS;;;;;30000000
2014-12-31;impot courant;Malaisie;MY;;;-10000000;-30000000;
2014-12-31;impot courant;Autriche;AT;;;;-10000000;-10000000
2015-12-31;Produit Net Bancaire;Taïwan;TW;;20000000;260000000;1380000000;340000000
2014-12-31;Resultat avant impot;Suisse;CH;30000000;-140000000;530000000;-450000000;360000000
2015-12-31;Effectif;Chine;CN;;66;131;404;82
2015-12-31;resultats/pnb;Vietnam;VN;;1.00;;0.31;
2014-12-31;Effectif;Monaco;MC;9;32;421;212;315
2015-12-31;impot différé;Taïwan;TW;;;20000000;-30000000;
2014-12-31;Total filiales;Egypte;EG;;;1;;
2014-12-31;resultats/effectifs;Espagne;ES;817120.62;3536121.67;4638297.87;1698744.77;4145907.47
2014-12-31;resultats/pnb;Malaisie;MY;;0.67;0.60;0.48;
2015-12-31;impot différé;Argentine;AR;;;;-40000000;
2014-12-31;Total filiales;Namibie;NA;;;;1;
2014-12-31;resultats/pnb;Autriche;AT;;;;0.36;0.36
2014-12-31;Effectif;Afrique du Sud;ZA;;66;;1258;80
2014-12-31;Resultat avant impot;Djibouti;DJ;;30000000;;;
2014-12-31;impot courant;Argentine;AR;;;;-180000000;
2014-12-31;resultats/effectifs;Madagascar;MG;;465753.42;;;236024.84
2015-12-31;Effectif;Madagascar;MG;;395;;;54
2014-12-31;Total filiales;Lituanie;LT;;1;;;1
2014-12-31;Produit Net Bancaire;Equateur;EC;;30000000;;;
2014-12-31;Produit Net Bancaire;Gibraltar;GI;;;;;160000000
2014-12-31;Effectif;Laos;LA;;164;;;
2015-12-31;Produit Net Bancaire;Monaco;MC;30000000;120000000;1390000000;630000000;3610000000
2014-12-31;resultats/effectifs;Ukraine;UA;;;16326.53;;
2015-12-31;impot courant;Vietnam;VN;;;;-30000000;
2014-12-31;NB filiales CBCR;Corée du Sud;KR;;;1;5;4
2015-12-31;impot différé;Chine;CN;;;-10000000;-190000000;70000000
2014-12-31;Produit Net Bancaire;Chili;CL;;40000000;;540000000;
2014-12-31;Resultat avant impot;Belgique;BE;1320000000;150000000;180000000;13930000000;1020000000
2015-12-31;resultats/effectifs;Chypre;CY;;;;;10000000.00
2014-12-31;impot courant;Côte d'Ivoire;CI;;;;-30000000;-100000000
2014-12-31;NB filiales CBCR;Côte d'Ivoire;CI;;;;1;2
2014-12-31;NB filiales CBCR;Ghana;GH;;;;;1
2015-12-31;Resultat avant impot;Congo;CG;;80000000;;;
2015-12-31;Effectif;Émirats Arabes Unis;AE;;56;87;83;3
2014-12-31;Total filiales;Liechtenstein;LI;1;;;;
2014-12-31;Produit Net Bancaire;Serbie;RS;;;310000000;460000000;930000000
2014-12-31;Resultat avant impot;Cameroun;CM;;370000000;;;190000000
2015-12-31;resultats/pnb;Suisse;CH;0.19;0.18;;0.08;
2014-12-31;Produit Net Bancaire;Îles Caïmans;KY;10000000;50000000;350000000;30000000;
2014-12-31;resultats/effectifs;Tchad;TD;;;;;307692.31
2014-12-31;Resultat avant impot;Nouvelle-Calédonie;NC;;370000000;;;420000000
2015-12-31;Produit Net Bancaire;Philippines;PH;;;;20000000;
2015-12-31;Produit Net Bancaire;Bulgarie;BG;;10000000;;520000000;15050000000
2014-12-31;Total filiales;Irlande;IE;;6;30;20;13
2015-12-31;Produit Net Bancaire;Portugal;PT;1360000000;310000000;1070000000;1580000000;910000000
2014-12-31;Total filiales;Guinée Équatoriale;GQ;;;;;1
2015-12-31;Produit Net Bancaire;Norvège;NO;;;;270000000;3330000000
2015-12-31;resultats/pnb;Thaïlande;TH;;;;0.07;
2014-12-31;Resultat avant impot;Thaïlande;TH;;;;140000000;
2015-12-31;Produit Net Bancaire;Finlande;FI;;;100000000;50000000;1120000000
2015-12-31;impot courant;Chine;CN;;;-70000000;-40000000;
2015-12-31;resultats/pnb;Algérie;DZ;;0.34;0.75;0.42;0.06
2015-12-31;Resultat avant impot;Inde;IN;;;;1250000000;760000000
2014-12-31;impot courant;Mali;ML;;;;-10000000;
2014-12-31;Total filiales;Pérou;PE;;;;1;
2014-12-31;NB filiales CBCR;Algérie;DZ;;1;1;2;2
2014-12-31;Total filiales;Madagascar;MG;;2;1;;1
2014-12-31;NB filiales CBCR;Espagne;ES;12;5;6;29;8
2014-12-31;NB filiales CBCR;Sénégal;SN;;;;1;1
2014-12-31;NB filiales CBCR;Uruguay;UY;;;1;;
2015-12-31;Resultat avant impot;Italie;IT;;1070000000;6920000000;7190000000;1680000000
2014-12-31;resultats/effectifs;Luxembourg;LU;1552346.57;4227941.18;2365019.01;1544759.83;4627450.98
2015-12-31;Effectif;Luxembourg;LU;863;259;1280;3609;855
2015-12-31;Effectif;Croatie;HR;;;;;169
2014-12-31;resultats/effectifs;Guernesey;GG;;;;555555.56;
2014-12-31;impot courant;Japon;JP;;;-50000000;-440000000;-420000000
2014-12-31;Total filiales;Iles Vierges Britanniques;VG;;;;;1
2015-12-31;Produit Net Bancaire;Indonésie;ID;;;;440000000;
2015-12-31;impot sur bénéfice;Inde;IN;;;-70000000;-480000000;-340000000
2015-12-31;resultats/pnb;Israël;IL;;0.17;;;
2014-12-31;Resultat avant impot;Espagne;ES;1050000000;930000000;1090000000;4060000000;2330000000
2015-12-31;resultats/effectifs;Egypte;EG;;;618556.70;;
2015-12-31;Effectif;Tunisie;TN;;489;;1230;102
2015-12-31;impot différé;République Tchèque;CZ;;;;;-70000000
2014-12-31;Total filiales;Gabon;GA;;;;1;
2014-12-31;impot sur bénéfice;Corée du Sud;KR;;;-50000000;-50000000;-70000000
2014-12-31;NB filiales CBCR;Ukraine;UA;;;1;2;1
2015-12-31;impot différé;Polynésie Française;PF;;;;;10000000
2014-12-31;Total filiales;Philippines;PH;;;;1;1
2014-12-31;impot différé;Suisse;CH;;;-10000000;2470000000;
2015-12-31;resultats/pnb;Australie;AU;;0.39;0.84;;
2014-12-31;resultats/pnb;Croatie;HR;;;;;0.23
2015-12-31;Effectif;Congo;CG;;220;;;
2014-12-31;NB filiales CBCR;États-Unis;US;2;90;20;103;30
2014-12-31;resultats/effectifs;Royaume-Uni;GB;7800000.00;2525050.10;3553113.55;1102229.05;828220.86
2014-12-31;Resultat avant impot;Ukraine;UA;;;40000000;-1120000000;40000000
2015-12-31;impot courant;Jersey;JE;;;;;-20000000
2015-12-31;resultats/effectifs;Madagascar;MG;;430379.75;;;5370370.37
2014-12-31;resultats/effectifs;Autriche;AT;;;;294117.65;740740.74
2015-12-31;resultats/effectifs;Vietnam;VN;;377358.49;;816326.53;
2015-12-31;Produit Net Bancaire;Gibraltar;GI;;;;;510000000
2015-12-31;impot sur bénéfice;Turquie;TR;;;;-790000000;-20000000
2014-12-31;Produit Net Bancaire;Malte;MT;;10000000;;;
2015-12-31;impot courant;Mali;ML;;;;-10000000;
2014-12-31;Effectif;Espagne;ES;1285;263;235;2390;562
2015-12-31;resultats/pnb;Philippines;PH;;;;0.50;
2014-12-31;Total filiales;Luxembourg;LU;29;21;37;35;27
2015-12-31;Resultat avant impot;Tchad;TD;;;;;80000000
2014-12-31;Effectif;Serbie;RS;;;863;869;1301
2015-12-31;Resultat avant impot;Croatie;HR;;;;;210000000
2014-12-31;impot courant;Croatie;HR;;;;;-40000000
2014-12-31;Effectif;Émirats Arabes Unis;AE;;40;82;100;79
2015-12-31;Resultat avant impot;Tunisie;TN;160000000;40000000;;140000000;420000000
2015-12-31;Effectif;Koweït;KW;;;;23;
2014-12-31;impot courant;Tunisie;TN;;;;-70000000;-120000000
2014-12-31;Produit Net Bancaire;Bulgarie;BG;;10000000;;540000000;930000000
2015-12-31;impot différé;Irlande;IE;;;;-20000000;
2014-12-31;Produit Net Bancaire;Norvège;NO;;;;320000000;1290000000
2014-12-31;Resultat avant impot;Argentine;AR;;20000000;;630000000;
2014-12-31;Produit Net Bancaire;Finlande;FI;;;120000000;50000000;590000000
2015-12-31;resultats/pnb;Île Maurice;MU;;0.12;;;
2014-12-31;NB filiales CBCR;République Tchèque;CZ;1;2;2;5;16
2014-12-31;NB filiales CBCR;Estonie;EE;;;;;1
2014-12-31;NB filiales CBCR;Israël;IL;;3;;;
2014-12-31;Effectif;Madagascar;MG;;365;;;805
2014-12-31;Produit Net Bancaire;Suisse;CH;870000000;50000000;3700000000;4110000000;2320000000
2014-12-31;resultats/pnb;Slovénie;SI;;;;;0.41
2014-12-31;Total filiales;Grèce;GR;;;7;2;3
2015-12-31;Effectif;Malaisie;MY;;5;21;80;
2015-12-31;impot différé;Slovénie;SI;;;;;-30000000
2015-12-31;Effectif;Togo;TG;;;;;1
2014-12-31;Effectif;Pays-Bas;NL;;71;339;967;164
2015-12-31;resultats/effectifs;Luxembourg;LU;1749710.31;4980694.98;2953125.00;1842615.68;6865497.08
2014-12-31;impot courant;Slovénie;SI;;;;;-40000000
2014-12-31;Total filiales;Guernesey;GG;;;2;2;6
2015-12-31;Produit Net Bancaire;Afrique du Sud;ZA;;50000000;;1280000000;920000000
2015-12-31;Produit Net Bancaire;Géorgie;GE;;;;;9720000000
2015-12-31;impot sur bénéfice;Suède;SE;;;-10000000;-10000000;-10000000
2015-12-31;Effectif;Tchad;TD;;;;;23
2015-12-31;resultats/effectifs;Philippines;PH;;;;769230.77;
2015-12-31;Effectif;Taïwan;TW;;20;66;409;18
2015-12-31;impot courant;Belgique;BE;-130000000;;-60000000;-860000000;-80000000
2014-12-31;impot courant;Chine;CN;;;-80000000;-370000000;
2015-12-31;Resultat avant impot;Hong-Kong;HK;;30000000;210000000;-100000000;3350000000
2015-12-31;Resultat avant impot;Bermudes;BM;;;;;170000000
2015-12-31;Resultat avant impot;Koweït;KW;;;;70000000;
2014-12-31;NB filiales CBCR;Canada;CA;1;7;1;4;5
2014-12-31;impot courant;Monténégro;ME;;;;;-10000000
2014-12-31;Produit Net Bancaire;Argentine;AR;;50000000;;1010000000;
2015-12-31;resultats/effectifs;Israël;IL;;198019.80;;;
2014-12-31;NB filiales CBCR;Djibouti;DJ;;1;;;
2015-12-31;resultats/effectifs;Monaco;MC;2222222.22;731707.32;1327014.22;1144278.61;3959731.54
2014-12-31;Effectif;Israël;IL;;101;;;
2014-12-31;resultats/effectifs;Koweït;KW;;;;1111111.11;
2014-12-31;Total filiales;Brésil;BR;2;3;4;14;12
2015-12-31;resultats/pnb;Belgique;BE;0.30;0.36;0.46;0.36;0.14
2014-12-31;impot sur bénéfice;Mexique;MX;;10000000;;;10000000
2014-12-31;resultats/pnb;Taïwan;TW;;1.00;0.33;0.59;0.66
2015-12-31;Effectif;Arabie Saoudite;SA;;;;37;
2015-12-31;impot différé;Luxembourg;LU;40000000;;-130000000;70000000;70000000
2014-12-31;resultats/pnb;Canada;CA;;0.69;;0.53;0.24
2014-12-31;NB filiales CBCR;Belgique;BE;15;10;13;41;8
2015-12-31;resultats/pnb;Inde;IN;;;;0.73;0.02
2014-12-31;impot sur bénéfice;Grèce;GR;;;-170000000;;
2015-12-31;resultats/pnb;Cameroun;CM;;0.35;;;0.05
2015-12-31;impot différé;Tchad;TD;;;;;-10000000
2014-12-31;impot différé;Vietnam;VN;;;;-10000000;
2015-12-31;resultats/pnb;Monténégro;ME;;;;;0.03
2014-12-31;Total filiales;Afrique du Sud;ZA;;2;;7;1
2014-12-31;NB filiales CBCR;Cameroun;CM;;1;;;1
2014-12-31;resultats/pnb;Hong-Kong;HK;;0.20;0.20;0.06;0.51
2015-12-31;impot différé;Hong-Kong;HK;;;;-40000000;-140000000
2015-12-31;impot différé;Afrique du Sud;ZA;;;;90000000;
2014-12-31;NB filiales CBCR;Qatar;QA;;;;1;
2014-12-31;impot courant;République Tchèque;CZ;;;-20000000;-140000000;-970000000
2015-12-31;Produit Net Bancaire;Italie;IT;320000000;1710000000;27900000000;49500000000;19750000000
2014-12-31;impot courant;Hong-Kong;HK;;;-60000000;;-310000000
2014-12-31;resultats/effectifs;Bénin;BJ;;;;;45871.56
2014-12-31;Produit Net Bancaire;Croatie;HR;;;;;1380000000
2015-12-31;Resultat avant impot;Taïwan;TW;;10000000;110000000;680000000;70000000
2015-12-31;impot courant;Tchad;TD;;;;;-20000000
2014-12-31;resultats/effectifs;Monténégro;ME;;;;;232558.14
2014-12-31;impot courant;Taïwan;TW;;;-10000000;-60000000;-30000000
2015-12-31;Produit Net Bancaire;République Tchèque;CZ;70000000;20000000;160000000;1280000000;85670000000
2014-12-31;NB filiales CBCR;Polynésie Française;PF;;3;;;2
2014-12-31;Produit Net Bancaire;Tunisie;TN;;330000000;;690000000;910000000
2015-12-31;Resultat avant impot;Serbie;RS;;;20000000;190000000;280000000
2014-12-31;NB filiales CBCR;Chili;CL;;2;;4;
2014-12-31;Resultat avant impot;Equateur;EC;;20000000;;;
2014-12-31;impot sur bénéfice;Royaume-Uni;GB;-80000000;-910000000;-820000000;-1310000000;-950000000
2015-12-31;resultats/pnb;Espagne;ES;0.41;0.45;0.45;0.56;0.26
2014-12-31;Resultat avant impot;Monténégro;ME;;;;;60000000
2014-12-31;Effectif;Arabie Saoudite;SA;;;;35;
2015-12-31;impot différé;États-Unis;US;-390000000;;160000000;-920000000;-2580000000
2014-12-31;Total filiales;Gibraltar;GI;;;;;2
2014-12-31;Produit Net Bancaire;Qatar;QA;;;;150000000;
2015-12-31;Produit Net Bancaire;Fidji;FJ;;40000000;;;
2014-12-31;Produit Net Bancaire;Géorgie;GE;;;;;410000000
2014-12-31;Produit Net Bancaire;Moldavie;MD;;;;;220000000
2015-12-31;impot sur bénéfice;Afrique du Sud;ZA;;;;-90000000;-20000000
2014-12-31;Effectif;Saint Martin (Antilles Néerlandaises);SX;7;;;;
2014-12-31;Total filiales;Albanie;AL;;;1;;1
2015-12-31;Effectif;Macédoine;MK;;;;;23
2014-12-31;NB filiales CBCR;Panama;PA;;;;1;
2015-12-31;resultats/pnb;Ukraine;UA;;;0.17;;
2015-12-31;Produit Net Bancaire;Argentine;AR;;40000000;;1120000000;
2014-12-31;impot sur bénéfice;Allemagne;DE;20000000;-120000000;-200000000;-1100000000;-370000000
2014-12-31;Resultat avant impot;Bermudes;BM;;;;;120000000
2015-12-31;Resultat avant impot;Portugal;PT;790000000;50000000;590000000;760000000;100000000
2015-12-31;Produit Net Bancaire;Colombie;CO;;;;210000000;
2015-12-31;Resultat avant impot;Émirats Arabes Unis;AE;;20000000;340000000;90000000;-110000000
2014-12-31;Resultat avant impot;Slovénie;SI;;;;;440000000
2014-12-31;impot différé;République Tchèque;CZ;;;;-20000000;-50000000
2015-12-31;impot sur bénéfice;Japon;JP;;-40000000;-330000000;-880000000;-450000000
2015-12-31;Produit Net Bancaire;Brésil;BR;;80000000;510000000;6820000000;3380000000
2015-12-31;impot courant;Espagne;ES;-230000000;;-270000000;-730000000;-790000000
2014-12-31;Total filiales;Nouvelle-Zélande;NZ;;;;1;1
2014-12-31;Produit Net Bancaire;Koweït;KW;;;;70000000;
2015-12-31;impot différé;Brésil;BR;;;90000000;380000000;-150000000
2014-12-31;resultats/effectifs;Maroc;MA;;;134813.64;187327.82;344097.41
2015-12-31;resultats/pnb;Guinée Équatoriale;GQ;;;;;0.05
2015-12-31;resultats/effectifs;Émirats Arabes Unis;AE;;357142.86;3908045.98;1084337.35;
