Pays ;PNB en m€;résultat courant avant impôt;impôt courant ;impôt différé;impôt sur les bénéfices;Effectifs (ETP);Filiales CBCR;Filiales périmètre en +;Total Filiales;Filiales;Activités;Mouvement de périmètre
Afrique du Sud;11 ;6 ;-2 ;0 ;-2 ;80 ;1;0;1;SG Johannesburg;Bank;
Albanie;21 ;5 ;0 ;0 ;0 ;400 ;1;0;1;Banka Société Générale Albania SH.A.;Bank;
Algérie;134 ;63 ;-15 ;-3 ;-18 ;1412 ;2;0;2;ALD Automotive Algérie SPA;Specialist Financing;
Algérie;;;;;;;;;;Société Générale Algérie;Bank;
Allemagne;744 ;191 ;-29 ;-8 ;-37 ;3115 ;45;0;45;Akrun eins grundstucks-vermietungsgesellschaft MBH & Co. Objekt seren 1KG;Real estate and real estate financing;
Allemagne;;;;;;;;;;ALD Autoleasing D gmbh;Specialist Financing;company carrying out sub-consolidation
Allemagne;;;;;;;;;;Ald international group holdings gmbh ;Specialist Financing;
Allemagne;;;;;;;;;;Ald international Sas & Co. KG;Specialist Financing;company carrying out sub-consolidation
Allemagne;;;;;;;;;;Ald lease finanz gmbh;Specialist Financing;company carrying out sub-consolidation
Allemagne;;;;;;;;;;Bank deutsches kraftfahrhzeuggewerbe gmbh;Specialist Financing;
Allemagne;;;;;;;;;;Bdk leasing und service Gmbh;Specialist Financing;
Allemagne;;;;;;;;;;Car professional fuhrparkmanagement und beratungsgesellschaft mbh & Co. KG;Specialist Financing;
Allemagne;;;;;;;;;;Carpool gmbh;Broker;
Allemagne;;;;;;;;;;EFS SA branch Hambourg;Financial company;
Allemagne;;;;;;;;;;Europarc Dreilinden Gmbh;Group real estate management company;
Allemagne;;;;;;;;;;Europarc gmbh;Group real estate management company;
Allemagne;;;;;;;;;;Europarc kerpen gmbh;Group real estate management company;
Allemagne;;;;;;;;;;Gefa gesellschaft fur absatzfinanzierung mbh;Specialist Financing;company carrying out sub-consolidation
Allemagne;;;;;;;;;;Gefa leasing gmbh;Specialist Financing;
Allemagne;;;;;;;;;;Gefa versicherungsdienst gmbh;Insurance;
Allemagne;;;;;;;;;;Hanseatic bank gmbh & Co KG;Specialist Financing;company carrying out sub-consolidation
Allemagne;;;;;;;;;;Hanseatic gesellschaft fur bankbeteiligungen mbh;Portfolio management;
Allemagne;;;;;;;;;;Hsce hanseatic service center Gmbh;Services;
Allemagne;;;;;;;;;;IFVB institut fur vermogensbildung Gmbh;Services;
Allemagne;;;;;;;;;;Interleasing dello Hamburg gmbh;Specialist Financing;
Allemagne;;;;;;;;;;Milaha Qatar gmbh & Co. KG;Financial company;
Allemagne;;;;;;;;;;Milaha ras laffan gmbh & Co. KG;Financial company;
Allemagne;;;;;;;;;;Namendo Gmbh;Services;
Allemagne;;;;;;;;;;Onvista;Financial company;
Allemagne;;;;;;;;;;Onvista bank;Broker;
Allemagne;;;;;;;;;;Onvista beteiligung holding gmbh;Services;
Allemagne;;;;;;;;;;Onvista media gmbh;Services;
Allemagne;;;;;;;;;;Pema gmbh;Specialist Financing;company carrying out sub-consolidation
Allemagne;;;;;;;;;;Podes drei grundstucks - Vermietungsgesellschaft mbh & Co objekte wel 4 KG;Real estate and real estate financing;
Allemagne;;;;;;;;;;Podes grundstucks - Vermietungsgesellschaft mbh & Co objekte wel 3 KG;Real estate and real estate financing;
Allemagne;;;;;;;;;;Podes zwei grundstucks - Vermietungsgesellschaft mbh & Co objekte wel 3 KG;Real estate and real estate financing;
Allemagne;;;;;;;;;;Red & black auto germany 1 UG (Haftungsbeschrankt);Financial company;
Allemagne;;;;;;;;;;Red & black auto germany 2 UG (Haftungsbeschrankt);Financial company;
Allemagne;;;;;;;;;;Red & black car sales 1 UG;Financial company;
Allemagne;;;;;;;;;;Red & black TME Germany 1 UG;Financial company;
Allemagne;;;;;;;;;;SG effekten;Financial company;
Allemagne;;;;;;;;;;SG equipment finance international gmbh;Financial company;company carrying out sub-consolidation
Allemagne;;;;;;;;;;SG equipment finance SA & Co KG;Financial company;
Allemagne;;;;;;;;;;SG Francfort;Bank;
Allemagne;;;;;;;;;;SGSS Deutschland Kapitalangegesellschaft mbh;Specialist Financing;
Allemagne;;;;;;;;;;Sogecap Deutsche niederlassung;Insurance;
Allemagne;;;;;;;;;;Sogessur Deutsche niederlassung;Insurance;
Allemagne;;;;;;;;;;Toast media Gmbh;Services;
Allemagne;;;;;;;;;;Trade & get Gmbh;Services;
Australie;9 ;-2 ;0 ;1 ;1 ;26 ;1;0;1;Newedge Australia PTY Ltd;Broker;
Autriche;11 ;4 ;-1 ;0 ;-1 ;54 ;3;0;3;ALD automotive fuhrparkmanagement und leasing gmbh;Specialist Financing;
Autriche;;;;;;;;;;SG Equipment Leasing Austria gmbh;Specialist Financing;
Autriche;;;;;;;;;;SG Vienne;Bank;
Bahamas;15 ;4 ;0 ;0 ;0 ;44 ;1;0;1;SG private banking (Bahamas) Ltd;Bank;
Belgique;193 ;102 ;-15 ;0 ;-15 ;471 ;8;0;8;Axus SA/NV;Specialist Financing;
Belgique;;;;;;;;;;Bastion european investments SA;Financial company;
Belgique;;;;;;;;;;Milford;Specialist Financing;
Belgique;;;;;;;;;;Pema truck trailer verhuur;Specialist Financing;
Belgique;;;;;;;;;;SG Bruxelles;Bank;
Belgique;;;;;;;;;;SG Equipment finance Benelux B.V. Belgian Branch;Specialist Financing;
Belgique;;;;;;;;;;Société Générale Immobel;Financial company;
Belgique;;;;;;;;;;Société Générale private banking NV/SA;Bank;
Bénin;19 ;1 ;0 ;1 ;1 ;218 ;1;0;1;Société Générale Bénin;Bank;
Bermudes;12 ;12 ;0 ;0 ;0 ;0 ;2;0;2;Catalyst Re international Ltd;Insurance;
Bermudes;;;;;;;;;;Catalyst RE Ltd;Insurance;
Brésil;195 ;-167 ;-29 ;25 ;-4 ;1182 ;12;0;12;ALD Automotive SA;Specialist Financing;
Brésil;;;;;;;;;;Banco cacique SA;Bank;company carrying out sub-consolidation
Brésil;;;;;;;;;;Banco pecunia SA;Bank;company carrying out sub-consolidation
Brésil;;;;;;;;;;Banco Société Générale Brasil SA;Bank;company carrying out sub-consolidation
Brésil;;;;;;;;;;Cacique promotora de vendas Ltda;Specialist Financing;
Brésil;;;;;;;;;;Cobracred cobranca especializada ltda;Financial company;
Brésil;;;;;;;;;;Credial empreendimentos e servicios Ltda;Specialist Financing;
Brésil;;;;;;;;;;Mordeno sociedades anonimas;Financial company;
Brésil;;;;;;;;;;Newedge representacoes Ltda (newedge Brazil);Broker;
Brésil;;;;;;;;;;SG Equipment finance SA Arredamento mercantil;Specialist Financing;
Brésil;;;;;;;;;;SG SD fundo de investimento multimercado - Investimento no exterior;Financial company;
Brésil;;;;;;;;;;Société Générale SA  corretora de cambio, titulos e valores mobiliarios;Broker;
Bulgarie;93 ;35 ;-3 ;0 ;-3 ;1506 ;4;0;4;Regional urban development fund;Specialist Financing;
Bulgarie;;;;;;;;;;SG express bank;Bank;company carrying out sub-consolidation
Bulgarie;;;;;;;;;;Société Générale factoring;Specialist Financing;
Bulgarie;;;;;;;;;;Sogelease Bulgaria;Specialist Financing;
Burkina Faso;29 ;9 ;-1 ;0 ;-1 ;246 ;1;0;1;Société Générale Burkina Faso;Bank;
Cameroun;72 ;19 ;-9 ;0 ;-9 ;625 ;1;0;1;Société Générale  Cameroun;Bank;
Canada;49 ;12 ;-6 ;1 ;-5 ;108 ;5;1;6;SG Constellation Canada Ltd;Specialist Financing;
Canada;;;;;;;;;;SG Hambros trust company (Canada) Inc;Financial company;
Canada;;;;;;;;;;SGE Holdings Inc;Financial company;entité déconsolidée en 2014
Canada;;;;;;;;;;Société Générale (Canada branch);Bank;
Canada;;;;;;;;;;Société Générale (Canada);Bank;
Canada;;;;;;;;;;Société Générale capital Canada Inc;Broker;
Chine;84 ;12 ;0 ;1 ;1 ;537 ;4;0;4;Ald fortune auto leasing & renting Shanghaï co. Ltd;Specialist Financing;
Chine;;;;;;;;;;Fortune SG Fund management Co. Ltd;Financial company;changement dans le seuil de consolidation du à l'application retrospective de IFRS10 + changement dans la méthode de consolidation
Chine;;;;;;;;;;Société Générale (China) Limited;Bank;
Chine;;;;;;;;;;Société Générale leasing and renting Co. Ltd;Specialist Financing;
Chypre;1 ;1 ;0 ;0 ;0 ;0 ;1;0;1;VPRG Limited;Group real estate management company;
Corée du Sud;117 ;39 ;-9 ;2 ;-7 ;136 ;4;0;4;Newedge financial Hong-Kong Ltd (Seoul branch);Broker;
Corée du Sud;;;;;;;;;;SG. Sec. (HK) Ltd, Seoul branch;Broker;
Corée du Sud;;;;;;;;;;SG securities Koreal Co Ltd;Broker;
Corée du Sud;;;;;;;;;;SG Seoul;Broker;
Côte d'Ivoire;111 ;48 ;-10 ;1 ;-9 ;1147 ;2;0;2;SG de banques en Côte d'Ivoire;Bank;company carrying out sub-consolidation
Côte d'Ivoire;;;;;;;;;;Sogebourse en Côte d'Ivoire;Portfolio management;
Croatie;138 ;32 ;-4 ;1 ;-3 ;1459 ;3;0;3;ALD Automotive D.O.O. ZA. operativni i financijski leasing;Specialist Financing;
Croatie;;;;;;;;;;SG leasing D.O.O;Specialist Financing;
Croatie;;;;;;;;;;Société Générale - Splitska banka D.D;Bank;
Curaçao;1 ;1 ;0 ;0 ;0 ;0 ;1;0;1;SGA Société Générale acceptance N.V ("SGA");Financial company;
Danemark;57 ;33 ;-9 ;2 ;-7 ;146 ;4;0;4;ALD Automotive A/S;Specialist Financing;company carrying out sub-consolidation
Danemark;;;;;;;;;;NF Fleet A/S;Specialist Financing;
Danemark;;;;;;;;;;Pema Last OG - Trailerudlejning A/S;Specialist Financing;
Danemark;;;;;;;;;;SG Finans AS Danish Branch;Specialist Financing;
Émirats Arabes Unis;17 ;4 ;0 ;0 ;0 ;79 ;3;0;3;Newedge group (Dubaï branch);Broker;
Émirats Arabes Unis;;;;;;;;;;Société Générale bank & trust Dubaï;Bank;
Émirats Arabes Unis;;;;;;;;;;Société Générale Dubaï;Bank;
Espagne;400 ;233 ;-46 ;-7 ;-53 ;562 ;8;1;9;ALD Automotive S.A.U;Specialist Financing;
Espagne;;;;;;;;;;Altura markets, sociedad de valores SA;Broker;
Espagne;;;;;;;;;;Genefilm succursal en Espana;Real estate and real estate financing;
Espagne;;;;;;;;;;Self trade bank SA;Broker;
Espagne;;;;;;;;;;SG Equipment finance Iberia, EFC, SA;Specialist Financing;
Espagne;;;;;;;;;;SG Holding de valores y participaciones SL;Specialist financing;entité déconsolidée en 2014
Espagne;;;;;;;;;;SOCGEN inversiones financieras SA;Financial company;
Espagne;;;;;;;;;;Société Générale succursal en Espana;Bank;
Espagne;;;;;;;;;;Sodeprom;Real estate and real estate financing;
Estonie;;0 ;;;;;1;0;1;ALD Automotive Eesti AS;Specialist Financing;Mise en équivalence
États-Unis;1205 ;219 ;-35 ;-187 ;-222 ;2455 ;30;1;31;Aegis holdings (onshore) inc;Financial company;
États-Unis;;;;;;;;;;Antalis US Funding corp;Financial company;
États-Unis;;;;;;;;;;Barton capital LLC;Financial company;changement dans le seuil de consolidation du à l'application retrospective de IFRS10
États-Unis;;;;;;;;;;Bennington Stark Capital company LLC;Specialist financing;entité déconsolidée en 2014
États-Unis;;;;;;;;;;CGI Finance Inc;Financial company;
États-Unis;;;;;;;;;;CGI North America Inc;Specialist financing;
États-Unis;;;;;;;;;;Classic yatch documentation Inc;Services;
États-Unis;;;;;;;;;;Lyxor asset management holding corp;Portfolio management;company carrying out sub-consolidation
États-Unis;;;;;;;;;;Lyxor asset management inc;Financial company;
États-Unis;;;;;;;;;;Newedge facilities management Inc;Services;
États-Unis;;;;;;;;;;Newedge USA, LLC;Broker;entreprise désormais consolidée directement
États-Unis;;;;;;;;;;SG Americas equities corp;Financial company;
États-Unis;;;;;;;;;;SG Americas operational services, inc;Services;
États-Unis;;;;;;;;;;SG Americas securities holdings LLC;Bank;company carrying out sub-consolidation
États-Unis;;;;;;;;;;SG Americas securities, LLC;Broker;
États-Unis;;;;;;;;;;SG Americas, Inc;Financial company;company carrying out sub-consolidation
États-Unis;;;;;;;;;;SG Constellation, Inc;Financial company;
États-Unis;;;;;;;;;;SG Equipment finance USA Corp;Specialist Financing;
États-Unis;;;;;;;;;;SG Mortgage Finance Corp;Financial company;
États-Unis;;;;;;;;;;SG Reinsurance Intermediary brokerage, LLC;Insurance;
États-Unis;;;;;;;;;;SG Structured products, Inc;Specialist Financing;
États-Unis;;;;;;;;;;SGAIF, Inc;Financial company;
États-Unis;;;;;;;;;;SGAIH, Inc;Financial company;
États-Unis;;;;;;;;;;SGB finance north America Inc;Financial company;
États-Unis;;;;;;;;;;Société Générale (New York);Bank;
États-Unis;;;;;;;;;;Société Générale Energy LLC;Financial company;
États-Unis;;;;;;;;;;Société Générale Financial Corporation;Financial company;
États-Unis;;;;;;;;;;Société Générale Investment corporation;Financial company;
États-Unis;;;;;;;;;;Société Générale North America, Inc;Financial company;
États-Unis;;;;;;;;;;Tender option bond program;Financial company;
États-Unis;;;;;;;;;;Tropicana funding incorporated;Financial company;
Finlande;59 ;43 ;-7 ;-3 ;-10 ;86 ;2;0;2;Axus Finland OY;Specialist Financing;company carrying out sub-consolidation
Finlande;;;;;;;;;;NF Fleet OY;Specialist Financing;
France;10576 ;321 ;-347 ;33 ;-314 ;51794 ;301;7;308;9 rue des bienvenus;Real estate and real estate financing;
France;;;;;;;;;;Air bail;Specialist Financing;
France;;;;;;;;;;Aix - bord du lac - 3;Real estate and real estate financing;
France;;;;;;;;;;Albigny Avoraux;Real estate and real estate financing;
France;;;;;;;;;;ALD automotive Russie SAS;Specialist Financing;
France;;;;;;;;;;Ald International;Specialist Financing;
France;;;;;;;;;;Alprim;Real estate and real estate financing;
France;;;;;;;;;;Almundi group;Financial company;company carrying out sub-consolidation
France;;;;;;;;;;Antalis SA;Financial company;company carrying sub-consolidation + changement du seuil de consolidation après application rétrospective d'IFRS10
France;;;;;;;;;;Antarius;Insurance;
France;;;;;;;;;;Antarius fonds actions plus;Financial company;
France;;;;;;;;;;Antarius fonds obligataire;Financial company;
France;;;;;;;;;;Antarius Obli 1 - 3 ans;Financial company;
France;;;;;;;;;;Antarius rotation sectorielle;Financial company;
France;;;;;;;;;;Aqprim;Real estate and real estate financing;
France;;;;;;;;;;Aviva investors réserve Europe;Financial company;
France;;;;;;;;;;Banque courtois;Bank;
France;;;;;;;;;;Banque française commerciale océan indien;Bank;
France;;;;;;;;;;Banque Kolb;Bank;
France;;;;;;;;;;Banque Laydernier;Bank;
France;;;;;;;;;;Banque Nuger;Bank;
France;;;;;;;;;;Banque Pouyanne;Bank;
France;;;;;;;;;;Banque Rhône Alpes;Bank;
France;;;;;;;;;;Banque Tarneaud;Bank;company carrying out sub-consolidation
France;;;;;;;;;;Boursorama SA;Broker;
France;;;;;;;;;;Bremany lease SAS;Specialist Financing;
France;;;;;;;;;;Caen - rue Basse;Real estate and real estate financing;
France;;;;;;;;;;Caen - rue du général Moulin;Real estate and real estate financing;
France;;;;;;;;;;Carburauto;Group real estate management company;
France;;;;;;;;;;Carrera;Group real estate management company;
France;;;;;;;;;;Centre immo promotion;Real estate and real estate financing;
France;;;;;;;;;;Chartreux Lot A1;Real estate and real estate financing;
France;;;;;;;;;;Chemin des combes;Real estate and real estate financing;
France;;;;;;;;;;Cœur Europe;Real estate and real estate financing;
France;;;;;;;;;;Compagnie financière de Bourbon;Specialist Financing;
France;;;;;;;;;;Compagnie foncière de la Méditerranée (CFM);Group real estate management company;company carrying out sub-consolidation
France;;;;;;;;;;Compagnie générale d'affacturage;Services;
France;;;;;;;;;;Compagnie générale de location d'équipements;Specialist Financing;company carrying out sub-consolidation
France;;;;;;;;;;Conte;Group real estate management company;
France;;;;;;;;;;Credinord cidize;Financial company;
France;;;;;;;;;;Crédit du Nord;Bank;company carrying out sub-consolidation
France;;;;;;;;;;Darwin diversifié 0 -20;Portfolio management;
France;;;;;;;;;;Darwin diversifié 40 - 60;Portfolio management;
France;;;;;;;;;;Darwin diversifié 80 - 100;Portfolio management;
France;;;;;;;;;;Deville AV Leclerc;Real estate and real estate financing;
France;;;;;;;;;;Disponis;Specialist Financing;
France;;;;;;;;;;Eleaparts;Group real estate management companies;entité liquidée en 2014
France;;;;;;;;;;ESNI - Compartiment SG - Credit claims - 1;Financial company;entrée dans le périmètre
France;;;;;;;;;;Etoile cliquet 90;Financial company;
France;;;;;;;;;;Etoile garanti février 2020;Financial company;
France;;;;;;;;;;Etoile garanti juillet 2018;Financial company;
France;;;;;;;;;;Etoile ID;Financial company;
France;;;;;;;;;;Etoile Patrimoine 50;Financial company;
France;;;;;;;;;;Etoile Top 2007;Financial company;
France;;;;;;;;;;Evalparts;Specialist financing;Dissolution par transferts d'actifs avec GEFINANCE
France;;;;;;;;;;FCC Albatros;Portfolio management;
France;;;;;;;;;;FCT Blanco;Financial company;
France;;;;;;;;;;FCT Coda;Financial company;
France;;;;;;;;;;FCT Compartment Sogecap SG 1;Financial company;
France;;;;;;;;;;FCT Malzieu;Financial company;entrée dans le périmètre
France;;;;;;;;;;FCT R  & B BDDF PPI;Portfolio management;
France;;;;;;;;;;FCT Red & Black French small business;Specialist Financing;
France;;;;;;;;;;FCT Water dragon;Financial company;
France;;;;;;;;;;Fenwick lease;Specialist Financing;
France;;;;;;;;;;Financière UC;Real estate and real estate financing;
France;;;;;;;;;;Finareg;Portfolio management;
France;;;;;;;;;;Finassurance SNC;Broker;
France;;;;;;;;;;FPS;Portfolio management;entrée dans le périmètre
France;;;;;;;;;;FQA Fund;Financial company;
France;;;;;;;;;;Franfinance;Specialist Financing;
France;;;;;;;;;;Franfinance location;Specialist Financing;
France;;;;;;;;;;Galybet;Real estate and real estate financing;
France;;;;;;;;;;Gene act 1;Portfolio management;
France;;;;;;;;;;Genebanque;Bank;
France;;;;;;;;;;Genecal France;Specialist Financing;
France;;;;;;;;;;Genecar - Société générale de courtage d'assurance et de réassurance;Insurance;
France;;;;;;;;;;Genecomi;Specialist Financing;
France;;;;;;;;;;Genefim;Real estate and real estate financing;company carrying out sub-consolidation
France;;;;;;;;;;Genefimmo holding;Real estate and real estate financing;company carrying out sub-consolidation
France;;;;;;;;;;Genefinance;Portfolio management;
France;;;;;;;;;;Genegis I;Group real estate management company;
France;;;;;;;;;;Genegis II ;Group real estate management company;
France;;;;;;;;;;Geneval;Portfolio management;company carrying out sub-consolidation
France;;;;;;;;;;Genevalmy;Group real estate management company;
France;;;;;;;;;;Geninfo;Portfolio management;
France;;;;;;;;;;Imaprim aménagement;Real estate and real estate financing;
France;;;;;;;;;;Inora Life France;Insurance;
France;;;;;;;;;;Inter Europe Conseil;Financial company;
France;;;;;;;;;;Investir immobilier - Maromme ;Real estate and real estate financing;
France;;;;;;;;;;Investir immobilier - Normandie;Real estate and real estate financing;
France;;;;;;;;;;Issy 11-3 Gallieni;Real estate and real estate financing;
France;;;;;;;;;;Kolb investissement;Financial company;
France;;;;;;;;;;La Banque postale financement;Specialist Financing;
France;;;;;;;;;;La Croix boisée;Real estate and real estate financing;
France;;;;;;;;;;La foncière de la défense;Portfolio management;
France;;;;;;;;;;La Madeleine;Real estate and real estate financing;
France;;;;;;;;;;Les mésanges;Real estate and real estate financing;
France;;;;;;;;;;Libecap;Portfolio management;
France;;;;;;;;;;Lirix;Portfolio management;
France;;;;;;;;;;Lyxor asset management;Financial company;
France;;;;;;;;;;Lyxor  international asset management;Financial company;
France;;;;;;;;;;Newedge group;Broker;company carrying out sub-consolidation + changement de la méthode de consolidation
France;;;;;;;;;;Nice Broc;Real estate and real estate financing;
France;;;;;;;;;;Nice carros;Real estate and real estate financing;
France;;;;;;;;;;Noaho;Real estate and real estate financing;
France;;;;;;;;;;Norbail immobilier;Real estate and real estate financing;
France;;;;;;;;;;Norbail sofergie;Real estate and real estate financing;
France;;;;;;;;;;Norimmo;Real estate and real estate financing;
France;;;;;;;;;;Onyx;Group real estate management company;
France;;;;;;;;;;OPCI Sogecapimmo;Real estate and real estate financing;
France;;;;;;;;;;Opera 72;Group real estate management company;
France;;;;;;;;;;Oradea vie;Insurance;
France;;;;;;;;;;Orpavimob;Specialist Financing;
France;;;;;;;;;;Pactimo;Real estate and real estate financing;
France;;;;;;;;;;Parel;Services;
France;;;;;;;;;;Participations immobilières Rhône Alpes;Real estate and real estate financing;
France;;;;;;;;;;Philips Médical Capital France;Specialist Financing;
France;;;;;;;;;;Pragma;Real estate and real estate financing;
France;;;;;;;;;;Primaxia;Real estate and real estate financing;
France;;;;;;;;;;Prioris;Financial company;
France;;;;;;;;;;Projectim;Real estate and real estate financing;
France;;;;;;;;;;Red & black auto France 2012;Financial company;
France;;;;;;;;;;Red & black consumer France 2013;Financial company;
France;;;;;;;;;;Rivaprim;Real estate and real estate financing;
France;;;;;;;;;;Rusfinance SAS;Specialist financing;entité déconsolidée en 2014
France;;;;;;;;;;SCI Le domaine de Stoneham;Real estate and real estate financing;
France;;;;;;;;;;Sagemcom Lease;Specialist Financing;
France;;;;;;;;;;Saint Clair;Real estate and real estate financing;
France;;;;;;;;;;Saint-Martin 3;Real estate and real estate financing;
France;;;;;;;;;;SARL DT 6 Nantes;Real estate and real estate financing;
France;;;;;;;;;;SARL Seine Clichy;Real estate and real estate financing;
France;;;;;;;;;;SAS Antony - Domaine de Tourvoie;Real estate and real estate financing;
France;;;;;;;;;;SAS Coprim Résidences;Real estate and real estate financing;
France;;;;;;;;;;SAS de la rue Dora Maar;Real estate and real estate financing;
France;;;;;;;;;;SAS Loire Atlantique tertiaire;Real estate and real estate financing;
France;;;;;;;;;;SAS Noaho aménagement;Real estate and real estate financing;
France;;;;;;;;;;SAS Normandie Habitat;Real estate and real estate financing;
France;;;;;;;;;;SAS Normandie résidences;Real estate and real estate financing;
France;;;;;;;;;;SAS Parnasse;Real estate and real estate financing;
France;;;;;;;;;;SAS Sogeprom Tertiaire;Real estate and real estate financing;
France;;;;;;;;;;SAS Tour D2;Real estate and real estate financing;
France;;;;;;;;;;SC Alicante 2000;Group real estate management company;
France;;;;;;;;;;SC Chassagne 2000;Group real estate management company;
France;;;;;;;;;;SCCV 29 et 31 avenue Charles de Gaulle a la teste de Buch;Real estate and real estate financing;
France;;;;;;;;;;SCCV 3 châteaux;Real estate and real estate financing;
France;;;;;;;;;;SCCV Balma entreprise;Real estate and real estate financing;
France;;;;;;;;;;SCCV Bassens les monts;Real estate and real estate financing;
France;;;;;;;;;;SCCV Blainville lemarchand;Real estate and real estate financing;
France;;;;;;;;;;SCCV Charité - îlot 3;Real estate and real estate financing;
France;;;;;;;;;;SCCV Caen charité - réhabilitation;Real estate and real estate financing;
France;;;;;;;;;;SCCV Chartreux Lot E;Real estate and real estate financing;
France;;;;;;;;;;SCCV Chartreux Lots B-D;Real estate and real estate financing;
France;;;;;;;;;;SCCV Eterville rue du village;Real estate and real estate financing;
France;;;;;;;;;;SCCV Les écrivains;Real estate and real estate financing;
France;;;;;;;;;;SCCV Les patios d'or de Fleury Les Aubrais;Real estate and real estate financing;
France;;;;;;;;;;SCCV Les sucres;Real estate and real estate financing;
France;;;;;;;;;;SCCV Marcq Projectim;Real estate and real estate financing;
France;;;;;;;;;;SCCV Marquet Projectim;Real estate and real estate financing;
France;;;;;;;;;;SCCV Pourcieux Baronnes;Real estate and real estate financing;
France;;;;;;;;;;SCCV River green;Real estate and real estate financing;
France;;;;;;;;;;SCCV Vernaison Razat;Real estate and real estate financing;
France;;;;;;;;;;SCDM Participations;Portfolio management;
France;;;;;;;;;;SCI Aix bord du lac 1;Real estate and real estate financing;
France;;;;;;;;;;SCI Aix bord du lac 2;Real estate and real estate financing;
France;;;;;;;;;;SCI Aqprim promotion;Real estate and real estate financing;
France;;;;;;;;;;SCI ASC La Bergeonnerie;Real estate and real estate financing;
France;;;;;;;;;;SCI Avaricum;Real estate and real estate financing;
France;;;;;;;;;;SCI Braille/ Hôtel de ville;Real estate and real estate financing;
France;;;;;;;;;;SCI CAP Courrouze;Real estate and real estate financing;
France;;;;;;;;;;SCI Centre immo promotion résidences;Real estate and real estate financing;
France;;;;;;;;;;SCI Charité - Girandière;Real estate and real estate financing;
France;;;;;;;;;;SCI Chelles Aulnoy Mendes France;Real estate and real estate financing;
France;;;;;;;;;;SCI Dreux la Rotule Nord;Real estate and real estate financing;
France;;;;;;;;;;SCI du 84 rue du Bac;Real estate and real estate financing;
France;;;;;;;;;;SCI Etampes Notre-Dame;Real estate and real estate financing;
France;;;;;;;;;;SCI Etrechy Saint Nicolas;Real estate and real estate financing;
France;;;;;;;;;;SCI Europarc Haute Borne 1;Real estate and real estate financing;
France;;;;;;;;;;SCI Europarc St Martin du Touch 2002;Real estate and real estate financing;
France;;;;;;;;;;SCI Goussainville Saint-Just;Real estate and real estate financing;
France;;;;;;;;;;SCI Hegel Projectim;Real estate and real estate financing;
France;;;;;;;;;;SCI La Mantilla commerces;Real estate and real estate financing;
France;;;;;;;;;;SCI la Marqueille;Real estate and real estate financing;
France;;;;;;;;;;SCI Lavoisier;Real estate and real estate financing;
France;;;;;;;;;;SCI Le hameau des grands prés;Real estate and real estate financing;
France;;;;;;;;;;SCI Le parc de borderouge;Real estate and real estate financing;
France;;;;;;;;;;SCI Les jardins d'Iris;Real estate and real estate financing;
France;;;;;;;;;;SCI Les portes du Léman;Real estate and real estate financing;
France;;;;;;;;;;SCI Les résidences genévoises;Real estate and real estate financing;
France;;;;;;;;;;SCI Lieusaint rue de Paris;Real estate and real estate financing;
France;;;;;;;;;;SCI Linas Cœur de ville 1;Real estate and real estate financing;
France;;;;;;;;;;SCI L'orée des lacs;Real estate and real estate financing;
France;;;;;;;;;;SCI Lyon Joannes;Real estate and real estate financing;
France;;;;;;;;;;SCI Marcoussis Bellejame;Real estate and real estate financing;
France;;;;;;;;;;SCI Noaho résidences;Real estate and real estate financing;
France;;;;;;;;;;SCI Paris 182  Château des rentiers;Real estate and real estate financing;
France;;;;;;;;;;SCI Projectim habitat;Real estate and real estate financing;
France;;;;;;;;;;SCI Projectim Helemmes Seguin;Real estate and real estate financing;
France;;;;;;;;;;SCI Projectim Marcq cœur de ville;Real estate and real estate financing;
France;;;;;;;;;;SCI Prony;Real estate and real estate financing;
France;;;;;;;;;;SCI Quintessence - Valescure;Real estate and real estate financing;
France;;;;;;;;;;SCI Reims Gare;Real estate and real estate financing;
France;;;;;;;;;;SCI Résidence du Donjon;Real estate and real estate financing;
France;;;;;;;;;;SCI Rhin et Moselle 1;Real estate and real estate financing;
France;;;;;;;;;;SCI Riva Prim Habitat;Real estate and real estate financing;
France;;;;;;;;;;SCI Riva prim résidences;Real estate and real estate financing;
France;;;;;;;;;;SCI Saint-Ouen L'aumône - L'Oise;Real estate and real estate financing;
France;;;;;;;;;;SCI Saint-Denis Wilson;Real estate and real estate financing;
France;;;;;;;;;;SCI Saint-Pierre-des-Corps/ CAP 55;Real estate and real estate financing;
France;;;;;;;;;;SCI SCS Immobilier d'entreprises;Real estate and real estate financing;
France;;;;;;;;;;SCI Sogeadi Tertiaire;Real estate and real estate financing;
France;;;;;;;;;;SCI Sogecip;Real estate and real estate financing;
France;;;;;;;;;;SCI Sogectim;Real estate and real estate financing;
France;;;;;;;;;;SCI Sogeprom atlantique;Real estate and real estate financing;
France;;;;;;;;;;SCI Sogeprom CIP Centre;Real estate and real estate financing;
France;;;;;;;;;;SCI Terres nouvelles franciliennes;Real estate and real estate financing;
France;;;;;;;;;;SCI Toulouse Centreda 3;Real estate and real estate financing;
France;;;;;;;;;;SCI Valence - champs de Mars;Real estate and real estate financing;
France;;;;;;;;;;SCI Velri;Group real estate management company;
France;;;;;;;;;;SCI Luce le carré d'or - Lot E;Real estate and real estate financing;
France;;;;;;;;;;Sefia;Financial company;
France;;;;;;;;;;SG 29 Haussmann;Financial company;
France;;;;;;;;;;SG 29 Real Estate;Services;
France;;;;;;;;;;SG Capital developpement;Portfolio management;
France;;;;;;;;;;SG Consumer finance;Portfolio management;
France;;;;;;;;;;SG Euro CT;Broker;
France;;;;;;;;;;SG European mortgage investments;Financial company;
France;;;;;;;;;;SG Financial services holding;Portfolio management;
France;;;;;;;;;;SG Option Europe;Broker;
France;;;;;;;;;;SG Securities (Paris) SAS;Broker;
France;;;;;;;;;;SG Services;Specialist Financing;
France;;;;;;;;;;SGB Finance SA;Financial company;
France;;;;;;;;;;SNC bon puits 1;Real estate and real estate financing;
France;;;;;;;;;;SNC bon puits 2;Real estate and real estate financing;
France;;;;;;;;;;SNC Coprim résidences;Real estate and real estate financing;
France;;;;;;;;;;SNC d'aménagement forum seine Issy les Moulineaux;Real estate and real estate financing;
France;;;;;;;;;;SNC du 10 rue Michelet;Real estate and real estate financing;
France;;;;;;;;;;SNC Issy Forum 10;Real estate and real estate financing;
France;;;;;;;;;;SNC Issy Forum 11;Real estate and real estate financing;
France;;;;;;;;;;SNC Promoseine;Real estate and real estate financing;
France;;;;;;;;;;Société "Les pinsons";Real estate and real estate financing;
France;;;;;;;;;;Société Anonyme de crédit à l'industrie française (CALIF);Bank;
France;;;;;;;;;;Société civile de construction - Vente Anna Purna;Real estate and real estate financing;
France;;;;;;;;;;Société civile immobilière des combeaux de Tigery;Real estate and real estate financing;
France;;;;;;;;;;Société civile immobilière Domion;Real estate and real estate financing;
France;;;;;;;;;;Société civile immobilière Fontenay - Estienne d'Orves;Real estate and real estate financing;
France;;;;;;;;;;Société civile immobilière Naxou;Real estate and real estate financing;
France;;;;;;;;;;Société civile immobilière Touldi;Real estate and real estate financing;
France;;;;;;;;;;Société civile immobilière Vogre ;Real estate and real estate financing;
France;;;;;;;;;;Société civile immobilière Voltaire - Phalsbourg;Real estate and real estate financing;
France;;;;;;;;;;Société de bourse Gilbert Dupont;Financial company;
France;;;;;;;;;;Société de la rue Edouard VII;Portfolio management;
France;;;;;;;;;;Société des terrains et immeubles parisiens (STIP);Group real estate management company;
France;;;;;;;;;;Société en nom collectif Parnasse ;Real estate and real estate financing;
France;;;;;;;;;;Société financière d'analyse et de gestion;Financial company;
France;;;;;;;;;;Société générale;Bank;
France;;;;;;;;;;Société Générale capital partenaires;Portfolio management;
France;;;;;;;;;;Société Générale de banque aux antilles;Bank;
France;;;;;;;;;;Société Générale de participations;Portfolio management;entité déconsolidée en 2014
France;;;;;;;;;;Société Générale énergie;Broker;
France;;;;;;;;;;Société Générale equipment Finance SA;Specialist Financing;
France;;;;;;;;;;Société Générale participations industrielles;Portfolio management;
France;;;;;;;;;;Société générale pour le développement des opérations de crédit-bail immobilier Sogebail;Real estate and real estate financing;
France;;;;;;;;;;Société Générale SCF;Financial company;
France;;;;;;;;;;Société Générale securities services France;Financial company;
France;;;;;;;;;;Société Générale securities services holding;Portfolio management;
France;;;;;;;;;;Société Générale securities services net asset value;Services;
France;;;;;;;;;;Société générale SFH;Specialist Financing;
France;;;;;;;;;;Société immobilière du 29 boulevard Haussmann;Group real estate management company;
France;;;;;;;;;;Société immobilière urbi et orbi;Real estate and real estate financing;
France;;;;;;;;;;Société marseillaise de crédit;Bank;
France;;;;;;;;;;Soge beaujoire;Group real estate management company;
France;;;;;;;;;;Soge périval I;Group real estate management company;
France;;;;;;;;;;Soge périval II;Group real estate management company;
France;;;;;;;;;;Soge périval III;Group real estate management company;
France;;;;;;;;;;Soge périval IV;Group real estate management company;
France;;;;;;;;;;Sogecampus;Group real estate management company;
France;;;;;;;;;;Sogecap;Insurance;company carrying out sub-consolidation
France;;;;;;;;;;Sogecap risques divers;Insurance;Fusion avec SOGESSUR
France;;;;;;;;;;Sogecam actions;Financial company;
France;;;;;;;;;;Sogecap long terme n°1;Financial company;
France;;;;;;;;;;Sogefim holding;Portfolio management;
France;;;;;;;;;;Sogefimur;Specialist Financing;company carrying out sub-consolidation
France;;;;;;;;;;Sogefinancement;Specialist Financing;company carrying out sub-consolidation
France;;;;;;;;;;Sogefinerg SG pour le financement des investissements économisant l'énergie;Specialist Financing;
France;;;;;;;;;;Sogefontenay;Group real estate management company;
France;;;;;;;;;;Sogelease France;Specialist Financing;
France;;;;;;;;;;Sogemarché;Group real estate management company;
France;;;;;;;;;;Sogénal participations;Portfolio management;entité déconsolidée en 2014
France;;;;;;;;;;Sogepalm;Real estate and real estate financing;
France;;;;;;;;;;Sogeparticipations;Portfolio management;company carrying out sub-consolidation
France;;;;;;;;;;Sogeprom;Real estate and real estate financing;company carrying out sub-consolidation
France;;;;;;;;;;Sogeprom entreprises;Real estate and real estate financing;
France;;;;;;;;;;Sogeprom entreprises régions;Real estate and real estate financing;
France;;;;;;;;;;Sogeprom habitat;Real estate and real estate financing;
France;;;;;;;;;;Sogeprom partenaires;Real estate and real estate financing;
France;;;;;;;;;;Sogeprom résidences;Real estate and real estate financing;
France;;;;;;;;;;Sogeprom services;Real estate and real estate financing;
France;;;;;;;;;;Sogessur;Insurance;
France;;;;;;;;;;Soginfo - Société de gestion et d'investissement fonciers;Group real estate management company;
France;;;;;;;;;;Solocvi;Specialist financing;entité déconsolidée en 2014
France;;;;;;;;;;Sophia bail;Real estate and real estate financing;
France;;;;;;;;;;Star lease;Specialist Financing;
France;;;;;;;;;;Sogeprom me;Real estate and real estate financing;
France;;;;;;;;;;Temsys;Specialist Financing;company carrying out sub-consolidation
France;;;;;;;;;;Urbanisme et commerce;Real estate and real estate financing;
France;;;;;;;;;;Urbanisme et commerce promotion;Real estate and real estate financing;
France;;;;;;;;;;Valminvest;Group real estate management company;
France;;;;;;;;;;Vouric;Portfolio management;
Géorgie;41 ;15 ;-2 ;-1 ;-3 ;956 ;3;0;3;Bank Republic;Bank;company carrying out sub-consolidation
Géorgie;;;;;;;;;;Georgian Mill company LLC;Specialist Financing;
Géorgie;;;;;;;;;;Mertskhali Pirveli;Specialist Financing;
Ghana;62 ;11 ;-5 ;0 ;-5 ;709 ;1;0;1;Société Générale Ghana Limited;Bank;
Gibraltar;16 ;0 ;0 ;0 ;0 ;50 ;2;0;2;Hambros (Gibraltar nominees) Limited;Services;
Gibraltar;;;;;;;;;;SG Hambros bank (Gibraltar) Limited;Bank;
Grèce;4 ;1 ;0 ;0 ;0 ;38 ;2;1;3;ALD Automotive SA Lease of cars;Specialist Financing;
Grèce;;;;;;;;;;Société Générale consumer Finance Holding Hellas SA;Financial company;entité déconsolidée en 2014
Grèce;;;;;;;;;;Sogecap Greece;Insurance;
Guernesey;0 ;0 ;0 ;0 ;0 ;0 ;6;0;6;Aramis corp. Limited;Financial company;
Guernesey;;;;;;;;;;Aramis II securities Co Ltd;Financial company;
Guernesey;;;;;;;;;;CDS International Limited;Services;
Guernesey;;;;;;;;;;Hambros (Guernsey nominees) Ltd;Services;
Guernesey;;;;;;;;;;HTG Limited;Services;
Guernesey;;;;;;;;;;SG Hambros Bank (channel Islands) Ltd Guernsey branch;Bank;
Guinée;28 ;12 ;-5 ;0 ;-5 ;290 ;1;0;1;SG de banques en Guinée;Bank;
Guinée Équatoriale;27 ;12 ;-4 ;-1 ;-5 ;289 ;1;0;1;SG de banques en guinée équatoriale;Bank;
Hong-Kong;673 ;342 ;-31 ;3 ;-28 ;1038 ;12;0;12;Newedge broker Hong-Kong Ltd;Broker;
Hong-Kong;;;;;;;;;;Newedge financial Honk-Kong Ltd;Broker;
Hong-Kong;;;;;;;;;;Newedge group, Hong-Kong branch;Broker;
Hong-Kong;;;;;;;;;;SG Hong-Kong;Broker;
Hong-Kong;;;;;;;;;;SG securities (HK) nominees Ltd;Broker;
Hong-Kong;;;;;;;;;;SG securities (Hong-Kong) Ltd;Broker;
Hong-Kong;;;;;;;;;;SG Securities Asia international holdings Ltd (Honk-Kong);Broker;company carrying out sub-consolidation
Hong-Kong;;;;;;;;;;Société Générale Asia Ltd;Financial company;
Hong-Kong;;;;;;;;;;Société Générale Bank and trust Honk-Kong branch;Bank;
Hong-Kong;;;;;;;;;;Th Investments (Hong-Kong) 1 Limited;Financial company;company carrying out sub-consolidation
Hong-Kong;;;;;;;;;;Th Investments (Hong-Kong) 2 Limited;Financial company;company carrying out sub-consolidation
Hong-Kong;;;;;;;;;;Th Investments (Hong-Kong) 3 Limited;Financial company;
Hongrie;;3 ;;;;;3;0;3;Ald automotive Magyarorszag KFT;Specialist Financing;Mise en équivalence
Hongrie;;;;;;;;;;SG Equipment finance Hungary ZRT;Specialist Financing;
Hongrie;;;;;;;;;;SG Equipment leasing Hungary Ltd;Specialist Financing;
Iles Caïmans;0 ;0 ;0 ;0 ;0 ;0 ;3;0;3;AEGIS Holdings (offshore) Ltd;Financial company;
Iles Caïmans;;;;;;;;;;Bridgeview II Limited;Specialist Financing;
Iles Caïmans;;;;;;;;;;Société Générale securities (North Pacific);Bank;
Iles Vierges Britanniques;;;;;;;1;0;1;TNS Services Limited;Services;implantation en cours de liquidation
Inde;61 ;56 ;-19 ;1 ;-18 ;3968 ;5;0;5;ALD Automotive private limited;Specialist Financing;
Inde;;;;;;;;;;Newedge broker India PTE Ltd;Broker;
Inde;;;;;;;;;;SG Asia holdings (India) PVT Ltd;Broker;
Inde;;;;;;;;;;SG Mumbai;Bank;
Inde;;;;;;;;;;Société Générale global solution centre private;Services;
Irlande;5 ;13 ;0 ;0 ;0 ;53 ;10;3;13;ALD RE Limited;Insurance;
Irlande;;;;;;;;;;Condorcet Global opportunity Unit trust;Financial company;
Irlande;;;;;;;;;;Condorcet volatility arbitrage Limited;Financial company;entité déconsolidée en 2014
Irlande;;;;;;;;;;Condorcet Unit trust - Condorcet capital structure arbitrage fund;Financial company;entité déconsolidée en 2014
Irlande;;;;;;;;;;EFS SA Branch Dublin;Financial company;
Irlande;;;;;;;;;;Inora Life Ltd;Insurance;
Irlande;;;;;;;;;;Iris II SPV Limited;Financial company;
Irlande;;;;;;;;;;Lyxor Asset Management (Ireland) Limited;;entité déconsolidée en 2014
Irlande;;;;;;;;;;RED & Black Prime Russia MBS;Financial company;
Irlande;;;;;;;;;;SG Dublin;Bank;
Irlande;;;;;;;;;;SGBT Finance Ireland Limited;Specialist Financing;
Irlande;;;;;;;;;;SGSS (Ireland) Limited ;Financial company;
Irlande;;;;;;;;;;Société Générale Hedging Limited;Financial company;
Italie;619 ;114 ;-70 ;32 ;-38 ;1938 ;13;0;13;ALD Automotive Italia SRL;Specialist Financing;
Italie;;;;;;;;;;CGL Italia SPA;Financial company;
Italie;;;;;;;;;;Fiditalia SPA;Specialist Financing;
Italie;;;;;;;;;;FRAER leasing SPA;Specialist Financing;
Italie;;;;;;;;;;SG Equipment finance Italy SPA;Specialist Financing;
Italie;;;;;;;;;;SG factoring SPA;Specialist Financing;
Italie;;;;;;;;;;SG leasing SPA;Specialist Financing;
Italie;;;;;;;;;;SG Milan;Bank;
Italie;;;;;;;;;;SGB Finance Italia SPA;Financial company;
Italie;;;;;;;;;;Socecap SA rappresentanza generale per l'Italia;Insurance;
Italie;;;;;;;;;;Société Générale Italia holding SPA;Specialist Financing;
Italie;;;;;;;;;;Société Générale securities services SPA;Bank;
Italie;;;;;;;;;;Sogessur SA;Insurance;
Japon;306 ;179 ;-42 ;-4 ;-46 ;284 ;4;0;4;Lyxor asset management Japan Co Ltd;Portfolio management;
Japon;;;;;;;;;;Newedge Japan Inc;Broker;
Japon;;;;;;;;;;SG Tokyo;Bank;
Japon;;;;;;;;;;Société Générale securities (North Pacific) Ltd Tokyo branch;Bank;
Jersey;60 ;20 ;-2 ;0 ;-2 ;219 ;16;0;16;Claris IV Limited;Financial company;
Jersey;;;;;;;;;;Elmford Limited;Services;
Jersey;;;;;;;;;;Hanom I Limited;Financial company;
Jersey;;;;;;;;;;Hanom II Limited;Financial company;
Jersey;;;;;;;;;;Hanom III Limited;Financial company;
Jersey;;;;;;;;;;JD Corporate services Limited;Services;
Jersey;;;;;;;;;;Lyxor Master fund;Financial company;
Jersey;;;;;;;;;;Newmead trustees Limited;Financial company;
Jersey;;;;;;;;;;SG Hambros (foundations) Ltd;Financial company;
Jersey;;;;;;;;;;SG Hambros Bank (channel Islands) Ltd;Bank;
Jersey;;;;;;;;;;SG Hambros fund managers (Jersey Ltd);Portfolio management;
Jersey;;;;;;;;;;SG Hambros nominees (Jersey) Ltd;Financial company;
Jersey;;;;;;;;;;SG Hambros properties (Jersey) Ltd;Financial company;
Jersey;;;;;;;;;;SG Hambros trust company (Channel islands) Ltd;Financial company;
Jersey;;;;;;;;;;SGH Trustees (Jersey Limited);Services;
Jersey;;;;;;;;;;Solentis Investment solutions PCC;Financial company;
Lettonie;;1 ;;;;;1;0;1;ALD Automotive SIA;Specialist Financing;Mise en équivalence
Liban;;15 ;;;;;1;0;1;SG de banque au Liban;Bank;Mise en équivalence
Lituanie;;1 ;;;;;1;0;1;UAB ALD Automotive;Specialist Financing;Mise en équivalence
Luxembourg;834 ;590 ;-96 ;-26 ;-122 ;1275 ;24;3;27;ALEF II;Financial company;entité désormais consolidée directement
Luxembourg;;;;;;;;;;Axus Luxembourg SA;Financial company;
Luxembourg;;;;;;;;;;Chabon SA;Specialist Financing;
Luxembourg;;;;;;;;;;Codeis securities SA;Financial company;
Luxembourg;;;;;;;;;;Comptoir de valeurs de banque;Financial company;company carrying out sub-consolidation
Luxembourg;;;;;;;;;;european fund services SA;Financial company;
Luxembourg;;;;;;;;;;Generas SA;Insurance;entité déconsolidée en 2014
Luxembourg;;;;;;;;;;Halysa SA;Financial company;entité déconsolidée en 2014
Luxembourg;;;;;;;;;;IVEFI SA;Financial company;
Luxembourg;;;;;;;;;;LX Finanz SARL;Financial company;
Luxembourg;;;;;;;;;;Lyxor asset management Luxembourg SA;Financial company;
Luxembourg;;;;;;;;;;Red & Black auto lease Germany 1 SA;Specialist Financing;
Luxembourg;;;;;;;;;;Rosinvest;Financial company;
Luxembourg;;;;;;;;;;SG Issuer;Financial company;
Luxembourg;;;;;;;;;;SGBT Asset based funding SA;Financial company;
Luxembourg;;;;;;;;;;SGBT securities;Financial company;
Luxembourg;;;;;;;;;;Société Générale Bank & trust;Bank;company carrying out sub-consolidation
Luxembourg;;;;;;;;;;Société Générale Bank & Trust Luxembourg;Bank;company carrying out sub-consolidation
Luxembourg;;;;;;;;;;Société Générale Bank & Trust Credit international;Financial company;
Luxembourg;;;;;;;;;;Société Générale capital market finance;Financial company;entrée dans le périmètre
Luxembourg;;;;;;;;;;Société Générale Financing and distribution;Financial company;
Luxembourg;;;;;;;;;;Société Générale LDG;Financial company;
Luxembourg;;;;;;;;;;Société Générale Life insurance Broker SA;Financial company;
Luxembourg;;;;;;;;;;Société Générale Private Wealth Management SA;Financial company;
Luxembourg;;;;;;;;;;Société Générale RE SA;Insurance;
Luxembourg;;;;;;;;;;Sogelife;Insurance;
Luxembourg;;;;;;;;;;Well investments SA;Financial company;
Macédoine;19 ;4 ;0 ;0 ;0 ;375 ;1;0;1;Ohridska Banka AD Skopje;Bank;
Madagascar;44 ;19 ;-4 ;0 ;-4 ;805 ;1;0;1;Banky Fampandrosoana varotra SG;Bank;
Malte;0 ;0 ;0 ;0 ;0 ;0 ;2;0;2;LNG Malta investment 1 Limited;Financial company;
Malte;;;;;;;;;;LNG Malta Investment 2 Limited;Financial company;
Maroc;436 ;130 ;-59 ;10 ;-49 ;3778 ;10;0;10;ALD Automotive SA Maroc;Specialist Financing;
Maroc;;;;;;;;;;Athena courtage;Insurance;
Maroc;;;;;;;;;;Foncimmo;Group real estate management company;
Maroc;;;;;;;;;;La Marocaine vie;Insurance;
Maroc;;;;;;;;;;SG Marocaine de banques;Bank;company carrying out sub-consolidation
Maroc;;;;;;;;;;Société d'équipement domestique et ménager "EQDOM";Specialist Financing;
Maroc;;;;;;;;;;Société générale de leasing au Maroc;Specialist Financing;
Maroc;;;;;;;;;;Société Générale Tanger offshore;Financial company;
Maroc;;;;;;;;;;Sogecapital gestion;Financial company;
Maroc;;;;;;;;;;Sogefinancement Maroc;Specialist Financing;
Maurice;;0 ;;;;;1;0;1;SG Securities broking (M) Limited;Broker;Mise en équivalence
Mexique;8 ;2 ;1 ;0 ;1 ;90 ;3;;;ALD Automotive SA de CV;Specialist Financing;
Mexique;;;;;;;;;;ALD Fleet SA de CV Sofom ENR;Specialist Financing;
Mexique;;;;;;;;;;SGFP Mexico, S de RL de CV;Financial company;
Moldavie;22 ;6 ;-1 ;0 ;-1 ;736 ;1;0;1;Mobiasbanca groupe Société Générale;Bank;
Monaco;140 ;63 ;-21 ;0 ;-21 ;315 ;4;0;4;Crédit du Nord - Monaco;Bank;
Monaco;;;;;;;;;;Société Marseillaise de crédit - Monaco;Bank;
Monaco;;;;;;;;;;Société Générale (succursale Monaco);Bank;
Monaco;;;;;;;;;;Société Générale private banking (Monaco);Bank;
Monténégro;21 ;6 ;-1 ;0 ;-1 ;258 ;1;0;1;Société Générale Banka Monténégro AD;Bank;
Norvège;129 ;61 ;-7 ;-6 ;-13 ;328 ;3;0;3;ALD Automotive AS;Specialist Financing;company carrying out sub-consolidation
Norvège;;;;;;;;;;NF Fleet AS;Specialist Financing;
Norvège;;;;;;;;;;SG Finans AS;Specialist Financing;
Nouvelle-Calédonie;79 ;42 ;-17 ;1 ;-16 ;312 ;2;0;2;Credical;Specialist Financing;
Nouvelle-Calédonie;;;;;;;;;;Société Générale Calédonienne de banque;Bank;
Nouvelle-Zélande;0 ;0 ;0 ;0 ;0 ;0 ;1;0;1;SG Hambros trust company (New Zealand) Limited;Financial company;company carrying out sub-consolidation
Pays-Bas;32 ;7 ;-3 ;0 ;-3 ;164 ;12;1;13;Alvarenga investments BV;Specialist Financing;
Pays-Bas;;;;;;;;;;Axus Finance NL BV;Specialist Financing;
Pays-Bas;;;;;;;;;;Axus Nederland BV;Specialist Financing;company carrying out sub-consolidation
Pays-Bas;;;;;;;;;;Brigantia Investments BV;Financial company;company now sub-consolidated
Pays-Bas;;;;;;;;;;Herfsttatel Investments BV;Specialist Financing;
Pays-Bas;;;;;;;;;;Hordle Finance BV;Financial company;
Pays-Bas;;;;;;;;;;Montalis Investment BV;Specialist Financing;
Pays-Bas;;;;;;;;;;SG Amsterdam;Bank;
Pays-Bas;;;;;;;;;;SG Equipment Finance Benelux BV;Specialist Financing;
Pays-Bas;;;;;;;;;;Société Générale banque Nederland N.V;Bank;Dissolution par transferts d'actifs à Société Générale Capital Market Finance
Pays-Bas;;;;;;;;;;Sogelease BV;Specialist Financing;company carrying out sub-consolidation
Pays-Bas;;;;;;;;;;Sogelease Films;Specialist Financing;
Pays-Bas;;;;;;;;;;Tynevor BV;Financial company;
Philippines;;;;;;;1;0;1;Société Générale Manila offshore Branch;Bank;implantation en cours de liquidation
Pologne;195 ;43 ;0 ;-9 ;-9 ;3328 ;7;0;7;Ald Automotive polska SP Z.O.O;Specialist Financing;
Pologne;;;;;;;;;;Euro Bank SA;Specialist Financing;
Pologne;;;;;;;;;;Pema Polska SP Z.O.O;Services;
Pologne;;;;;;;;;;SG Equipment leasing Polska SP Z.O.O;Specialist Financing;
Pologne;;;;;;;;;;Société Générale SA oddzial W Polsce;Bank;
Pologne;;;;;;;;;;Sogessur Spolka akcyjna oddzial w polsce;Insurance;
Pologne;;;;;;;;;;Sogecap Spolka akcyjna oddzial w polsce;Insurance;
Polynésie Française;52 ;3 ;-6 ;4 ;-2 ;283 ;2;0;2;Banque de Polynésie;Bank;company carrying out sub consolidation 
Polynésie Française;;;;;;;;;;Sogelease BDP "SAS";Specialist Financing;
Portugal;16 ;11 ;-2 ;0 ;-2 ;85 ;1;0;1;SGALD Automotive Sociedade Geral de comercio e aluguer de benz SA;Specialist Financing;
République Tchèque;1118 ;586 ;-97 ;-5 ;-102 ;8436 ;16;0;16;ALD Automotive SRO;Specialist Financing;
République Tchèque;;;;;;;;;;Essox SRO;Specialist Financing;
République Tchèque;;;;;;;;;;Factoring KB;Financial company;
République Tchèque;;;;;;;;;;KB Penzijni Spolecnost, AS;Financial company;
République Tchèque;;;;;;;;;;KB Real Estate;Real estate and real estate financing;
République Tchèque;;;;;;;;;;Komercni Banka AS;Bank;company carrying out sub-consolidation
République Tchèque;;;;;;;;;;Komercni Pojivstovna AS;Insurance;
République Tchèque;;;;;;;;;;Modra Pyramida Stavebni Sporitelna AS;Financial company;
République Tchèque;;;;;;;;;;NP 33;Real estate and real estate financing;
République Tchèque;;;;;;;;;;Pema Praha Spol SRO;Specialist Financing;
République Tchèque;;;;;;;;;;Protos;Financial company;
République Tchèque;;;;;;;;;;SG Equipment Finance Czech Republic SRO;Specialist Financing;
République Tchèque;;;;;;;;;;Sogeprom Ceska Republika SRO;Real estate and real estate financing;
République Tchèque;;;;;;;;;;Sogeprom Michle SRO;Real estate and real estate financing;
République Tchèque;;;;;;;;;;Transformed fund;Financial company;
République Tchèque;;;;;;;;;;VN 42;Real estate and real estate financing;
Roumanie;596 ;24 ;-2 ;-10 ;-12 ;8250 ;7;0;7;ALD Automotive SRL;Specialist Financing;
Roumanie;;;;;;;;;;BRD - Groupe Société Générale SA;Bank;company carrying out sub-consolidation
Roumanie;;;;;;;;;;BRD Finance IFN SA;Financial company;
Roumanie;;;;;;;;;;SC BRD Sogelease IFN SA;Specialist Financing;
Roumanie;;;;;;;;;;SC Rogariu imobiliare SRL;Real estate and real estate financing;
Roumanie;;;;;;;;;;Société Générale european business services SA;Services;entrée dans le périmètre
Roumanie;;;;;;;;;;Sogeprom Romania SRL;Real estate and real estate financing;
Royaume-Uni;1452 ;243 ;-50 ;-45 ;-95 ;2934 ;52;0;52;ACR ;Financial company;
Royaume-Uni;;;;;;;;;;ALD Automotive Group PLC;Specialist Financing;company carrying out sub-consolidation
Royaume-Uni;;;;;;;;;;Ald Automotive Limited;Specialist Financing;
Royaume-Uni;;;;;;;;;;Ald funding Limited;Specialist Financing;
Royaume-Uni;;;;;;;;;;Bridgeview II Limited (UK branch);Specialist Financing;
Royaume-Uni;;;;;;;;;;Brigantia Investments BV (UK branch);Financial company;
Royaume-Uni;;;;;;;;;;Hordle Finance BV (UK branch);Financial company;
Royaume-Uni;;;;;;;;;;LNG Investment 1 Ltd;Financial company;
Royaume-Uni;;;;;;;;;;LNG Investment 2 Ltd;Financial company;
Royaume-Uni;;;;;;;;;;Lyxor asset management UK LLP;Financial company;
Royaume-Uni;;;;;;;;;;Self trade UK Nominees Limites;Financial company;
Royaume-Uni;;;;;;;;;;Selftrade UK Marketing service;Services;
Royaume-Uni;;;;;;;;;;Selftrade UK services;Services;
Royaume-Uni;;;;;;;;;;SG Equipment finance (December) Limited;Specialist Financing;company carrying out sub-consolidation
Royaume-Uni;;;;;;;;;;SG Equipment finance leasing limited;Specialist Financing;
Royaume-Uni;;;;;;;;;;SG Equipment finance operating leasing limited;Specialist Financing;
Royaume-Uni;;;;;;;;;;SG Equipment finance rental limited;Specialist Financing;
Royaume-Uni;;;;;;;;;;SG Financial services limited;Financial company;
Royaume-Uni;;;;;;;;;;SG Hambros (London) Nominees Limited;Financial company;
Royaume-Uni;;;;;;;;;;SG Hambros Bank Limited;Bank;
Royaume-Uni;;;;;;;;;;SG Hambros Limited (Holding);Bank;company carrying out sub-consolidation
Royaume-Uni;;;;;;;;;;SG Hambros trust company Ltd;Financial company;
Royaume-Uni;;;;;;;;;;SG Healthcare benefits trustee company limited;Financial company;
Royaume-Uni;;;;;;;;;;SG investment limited;Financial company;
Royaume-Uni;;;;;;;;;;SG leasing (assets) Limited;Specialist Financing;
Royaume-Uni;;;;;;;;;;SG leasing (central  1) Limited;Specialist Financing;
Royaume-Uni;;;;;;;;;;SG leasing (central 3) Limited;Specialist Financing;
Royaume-Uni;;;;;;;;;;SG leasing (december) limited;Specialist Financing;
Royaume-Uni;;;;;;;;;;SG leasing (june) Limited;Specialist Financing;
Royaume-Uni;;;;;;;;;;SG leasing (March) Limited;Specialist Financing;
Royaume-Uni;;;;;;;;;;SG leasing (USD) Limited;Specialist Financing;
Royaume-Uni;;;;;;;;;;SG leasing (utilities) limited;Specialist Financing;
Royaume-Uni;;;;;;;;;;SG leasing IX;Specialist Financing;
Royaume-Uni;;;;;;;;;;SG leasing XII;Specialist Financing;entité désormais sous-consolidée
Royaume-Uni;;;;;;;;;;SG Londres;Bank;
Royaume-Uni;;;;;;;;;;SGFLD Limited;Financial company;
Royaume-Uni;;;;;;;;;;Socgen nominees (UK) Limited;Financial company;
Royaume-Uni;;;;;;;;;;Société Générale Equipment Finance Limited;Specialist Financing;
Royaume-Uni;;;;;;;;;;Société Générale Investments (UK) Limited;Financial company;company carrying out sub-consolidation
Royaume-Uni;;;;;;;;;;Société Générale Newedge UK Ltd;Broker;
Royaume-Uni;;;;;;;;;;Société Générale securities services UK Limited;Broker;
Royaume-Uni;;;;;;;;;;Strabul Nominees Limited;Financial company;
Royaume-Uni;;;;;;;;;;Talos Holding Ltd;Financial company;
Royaume-Uni;;;;;;;;;;Talos Securities Ltd;Broker;
Royaume-Uni;;;;;;;;;;TH Investments (Hong-Kong) 2 Limited;Financial company;
Royaume-Uni;;;;;;;;;;TH leasing (June) Limited;Specialist Financing;
Royaume-Uni;;;;;;;;;;TH structured asset finance Limited;Financial company;
Royaume-Uni;;;;;;;;;;The Eiffel Limited partnership;Specialist Financing;
Royaume-Uni;;;;;;;;;;The Fenchurch Partnership;Financial company;
Royaume-Uni;;;;;;;;;;The Mars Maritime Limited Partnership;Financial company;
Royaume-Uni;;;;;;;;;;The saturn maritime Limited Partnership;Financial company;
Royaume-Uni;;;;;;;;;;Tynevor BV (UK branch);Financial company;
Russie;1234 ;187 ;-41 ;-10 ;-51 ;20966 ;21;0;21;ALD Automotive OOO;Specialist Financing;
Russie;;;;;;;;;;AVTO LCC;Services;
Russie;;;;;;;;;;BSGV leasing LLC;Specialist Financing;
Russie;;;;;;;;;;Closed Joint stock company SG finance;Financial company;
Russie;;;;;;;;;;Commercial bank Deltacredit;Bank;company carrying out sub-consolidation
Russie;;;;;;;;;;Credit institution obyedinyonnaya raschotnaya sistema;Financial company;
Russie;;;;;;;;;;inkakhran NCO;Financial company;
Russie;;;;;;;;;;LLC Rusfinance;Specialist Financing;entité désormée sous-consolidée
Russie;;;;;;;;;;LLC Rusfinance bank;Specialist Financing;
Russie;;;;;;;;;;PMD-service;Group real estate management company;
Russie;;;;;;;;;;Proektinvest LLC;Group real estate management company;
Russie;;;;;;;;;;RB factoring LLC;Specialist Financing;
Russie;;;;;;;;;;RB leasing LLC;Specialist Financing;
Russie;;;;;;;;;;RB securities;Financial company;
Russie;;;;;;;;;;RBS Avto;Group real estate management company;
Russie;;;;;;;;;;Real invest LLC;Real estate and real estate financing;
Russie;;;;;;;;;;Rosbank;Bank;company carrying out sub-consolidation
Russie;;;;;;;;;;SG Strakhovanie LLC;Insurance;
Russie;;;;;;;;;;Société Générale Strakhovanie Zhizni LLC;Insurance;
Russie;;;;;;;;;;Sosnovka LLC;Group real estate management company;
Russie;;;;;;;;;;Valmont LLC;Group real estate management company;
Sénégal;51 ;-34 ;0 ;8 ;8 ;756 ;1;0;1;SG de banques au Sénégal;Bank;
Serbie;93 ;9 ;0 ;3 ;3 ;1301 ;2;0;2;ALD Automotive D.O.O Beograd;Specialist Financing;
Serbie;;;;;;;;;;Société Générale Banka Srbija;Bank;
Singapour;142 ;110 ;0 ;15 ;15 ;376 ;4;0;4;Newedge financial Singapore PTE Ltd;Broker;
Singapour;;;;;;;;;;SG securities (Singapore) PTE Ltd;Broker;
Singapour;;;;;;;;;;SG Singapour;Bank;
Singapour;;;;;;;;;;Société Générale Bank & Trust Singapore branch;Bank;
Slovaquie;15 ;11 ;-3 ;2 ;-1 ;103 ;5;0;5;ALD Automotive SRO;Specialist Financing;
Slovaquie;;;;;;;;;;Komercni Banka Bratislava;Bank;
Slovaquie;;;;;;;;;;Pema Slovakia SPOL SRO;Specialist Financing;
Slovaquie;;;;;;;;;;SG Equipment finance Czech Republic SRO Organizacna Zlozka (Slovak Republic branch);Specialist Financing;
Slovaquie;;;;;;;;;;Truckcenter Zvolen Spol SRO;Services;
Slovénie;108 ;44 ;-4 ;-4 ;-8 ;837 ;3;0;3;ALD Automotive operational leasing DOO;Specialist Financing;
Slovénie;;;;;;;;;;SKB leasing D.O.O;Specialist Financing;
Slovénie;;;;;;;;;;SKB Banka;Bank;company carrying out sub-consolidation
Suède;54 ;30 ;-3 ;-4 ;-7 ;124 ;4;0;4;ALD Automotive AB;Specialist Financing;company carrying out sub-consolidation
Suède;;;;;;;;;;NF Fleet AB;Specialist Financing;
Suède;;;;;;;;;;Pema Truck - OCH Traileruthyrning AB;Specialist Financing;
Suède;;;;;;;;;;SG Finans AS Swedish Branch;Specialist Financing;
Suisse;232 ;36 ;-3 ;0 ;-3 ;709 ;8;0;8;ALD Automotive AG;Specialist Financing;
Suisse;;;;;;;;;;Newedge Group, Paris, Zurich branch;Broker;
Suisse;;;;;;;;;;PEMA Truck - Und Trailervermietung GMBH;Specialist Financing;
Suisse;;;;;;;;;;Rosbank (Switzerland);Bank;
Suisse;;;;;;;;;;SG Equipment Finance Schweiz AG;Specialist Financing;
Suisse;;;;;;;;;;SG Private banking (Lugano - Svizzera) SA;Bank;
Suisse;;;;;;;;;;SG private banking suisse SA;Bank;company carrying out sub-consolidation
Suisse;;;;;;;;;;SG Zurich;Bank;
Taïwan;32 ;21 ;-3 ;-1 ;-4 ;31 ;2;0;2;SG Securities (Hong-Kong) Limited;Broker;
Taïwan;;;;;;;;;;SG Tapei;Bank;
Tchad;21 ;6 ;-1 ;0 ;-1 ;195 ;1;0;1;Société Générale Tchad;Bank;
Thaïlande;0 ;0 ;0 ;0 ;0 ;0 ;1;0;1;SG Bangkok;Bank;
Tunisie;91 ;34 ;-12 ;-2 ;-14 ;1229 ;1;0;1;Union internationale de banques;Bank;
Turquie;22 ;3 ;0 ;0 ;0 ;125 ;2;0;2;ALD Automotive Turizm ticaret anonim sirketi;Specialist Financing;
Turquie;;;;;;;;;;SG Istanbul;Bank;
Ukraine;;4 ;;;;;1;0;1;First lease Ltd;Specialist Financing;Mise en équivalence
