Pays;PNB (en m€);résultat courant avant impôt;impôt courant;impôt différé;autres taxes;Impôt sur les bénéfices;Effectifs (ETP);Filiales CBCR;Filiales Périmètre +;Total Filiales;filiales;Activités;% Contrôle 2014;% Contrôle 2013;
Allemagne;937;30;-4;6;-57;2;6960;12;0;12;BECM Franckfort (succursale de BECM);Banque de Détail;100;;
Allemagne;;;;;;;;;;;Banque fédérative du Crédit Mutuel Franckfort (succursale de BFCM);Banque de financement et activité de marché;100;;
Allemagne;;;;;;;;;;;CM Akquisitions;Autres Sociétés;100;;
Allemagne;;;;;;;;;;;CM-CIC Leasing GmbH;Banque de Détail;100;;
Allemagne;;;;;;;;;;;Targobank AG & CO. KgaA;Banque de Détail;100;;
Allemagne;;;;;;;;;;;Targo Akademie GmbH;Autres Sociétés;100;;
Allemagne;;;;;;;;;;;Targo Deutschland GmbH;Autres Sociétés;100;;
Allemagne;;;;;;;;;;;Targo Dienstleistungs GmbH;Autres Sociétés;100;;
Allemagne;;;;;;;;;;;Targo Finanzberatung GmbH;Banque de Détail;100;;
Allemagne;;;;;;;;;;;Targo IT Consulting GmbH;Autres Sociétés;100;;
Allemagne;;;;;;;;;;;Targo Management AG;Autres Sociétés;100;;
Allemagne;;;;;;;;;;;Targo Realty Services GmbH;Autres Sociétés;100;;
Argentine;0;0;0;0;0;0;0;0;1;1;Cofidis Argentine;Banque de Détail;0;Cession hors groupe;Cession p.212
Bahamas;0;0;0;0;0;0;9;0;3;3;LRM Advisor SA;Banque de financement et activité de marché;0;Dissolution;
Bahamas;;;;;;;;;;;Pasche Bank & Trust Ltd Nassau;Banque de financement et activité de marché;0;Cession hors groupe;Cession p.212
Bahamas;;;;;;;;;;;Serficom Family Office Inc.;Banque de financement et activité de marché;0;Cession hors groupe;Cession p.212
Belgique;420;132;-7;-8;-47;-15;1741;15;1;16;Cofisun;Autres Sociétés;100;;
Belgique;;;;;;;;;;;immo W16;Autres Sociétés;100;;
Belgique;;;;;;;;;;;Béobank (ex Citibank Belgique);Banque de Détail;100;;
Belgique;;;;;;;;;;;BKCP Banque SA;Banque de Détail;96;;
Belgique;;;;;;;;;;;BKCP Immo It SCRL;Banque de Détail;100;;
Belgique;;;;;;;;;;;BKCP Securities;Banque de Détail;100;;
Belgique;;;;;;;;;;;CM-CIC Lease Benelux;Banque de Détail;100;;
Belgique;;;;;;;;;;;CMNE Belgium;Banque de Détail;100;;
Belgique;;;;;;;;;;;Cofidis Belgique;Banque de Détail;100;;
Belgique;;;;;;;;;;;Monabanq Belgique (succursale Monabanq);Banque de Détail;100;;
Belgique;;;;;;;;;;;Mobilease;Banque de Détail;0;Déconsolidation;
Belgique;;;;;;;;;;;OBK Scrl;Banque de Détail;100;;
Belgique;;;;;;;;;;;Banque Transatlantique Belgium;Gestion d'Actif et Banque Privée;100;;
Belgique;;;;;;;;;;;North Europe Life Belgium;Société d'Assurance;100;;
Belgique;;;;;;;;;;;Partners;Société d'Assurance;100;;
Belgique;;;;;;;;;;;Sofimpar;Société d'Assurance;100;;
Brésil;1;0;0;0;0;0;2;2;0;2;Serficom Brasil Gestao de Recursos Ltda;Banque de financement et activité de marché;97;;
Brésil;;;;;;;;;;;Serficom Family Office Brasil Gestao de Recursos Ltda;Banque de financement et activité de marché;100;;
Canada;0;0;0;0;0;0;0;1;0;1;Primonial TI;Gestion d'Actif et Banque Privée;69;;
Espagne;236;105;-25;2;-8;-23;1285;12;0;12;Agrupació AMCI d'Assegurances i Reassegurances SA;Société d'Assurance;94.57;;
Espagne;;;;;;;;;;;Agrupació Bankpyme Pensiones;Société d'Assurance;94.57;;
Espagne;;;;;;;;;;;Agrupació Serveis Administratius;Société d'Assurance;94.57;;
Espagne;;;;;;;;;;;AMDIF;Société d'Assurance;94.57;;
Espagne;;;;;;;;;;;AMSYR;Société d'Assurance;94.57;;
Espagne;;;;;;;;;;;Assistencia Avançada Barcelona;Société d'Assurance;94.57;;
Espagne;;;;;;;;;;;Banco Popular Español;Banque de détail;4;;
Espagne;;;;;;;;;;;Cofidis Espagne (succursale de Cofidis France);Banque de détail;100;;
Espagne;;;;;;;;;;;La Française AM Iberia;Gestion d'Actif et Banque Privée;66;;
Espagne;;;;;;;;;;;Royal Automobile Club de Catalogne;Société d'Assurance;49;;
Espagne;;;;;;;;;;;Targobank Espagne;Banque de Détail;50;;
Espagne;;;;;;;;;;;Voy Mediación;Société d'Assurance;90;;
Etats-Unis;128;169;-9;-29;-4;-38;84;2;0;2;CIC New York (succursale CIC);Multisecteur;100;;
Etats-Unis;;;;;;;;;;;Forum Partners Investment Managment LLC;Gestion d'Actif et Banque Privée;25;;
France;13037;6200;-1289;-106;-2152;-1395;65830;300;54;354;Acman;Banque de Détail;100;;
France;;;;;;;;;;;Actimut;Autres Sociétés;100;;
France;;;;;;;;;;;ACM GIE;Société d'Assurance;100;;
France;;;;;;;;;;;ACM IARD;Société d'Assurance;96;;
France;;;;;;;;;;;ACM Nord IARD;Société d'Assurance;100;;
France;;;;;;;;;;;ACM Services;Société d'Assurance;100;;
France;;;;;;;;;;;ACM Vie;Société d'Assurance;100;;
France;;;;;;;;;;;ACMN Vie;Société d'Assurance;100;;
France;;;;;;;;;;;ACM Vie Société d'Assurance Mutuelle;Société d'Assurance;100;;
France;;;;;;;;;;;Actéa Environnement;Autres Sociétés;100;;
France;;;;;;;;;;;Adepi;Banque de Détail;100;;
France;;;;;;;;;;;Affiches D'Alsace Lorraine;Autres Sociétés;100;;
France;;;;;;;;;;;Agence générale d'informations régionales;Autres Sociétés;0;Déconsolidation;Sortie du périmètre p.44
France;;;;;;;;;;;Alsace Média Participation;Autres Sociétés;100;;
France;;;;;;;;;;;Alsacienne de Portage des DNA;Autres Sociétés;100;;
France;;;;;;;;;;;Altarocca AM AS;Gestion d'Actif et Banque Privée;63,5;;
France;;;;;;;;;;;Arkéa Banking Services;Banque de Détail;100;;
France;;;;;;;;;;;Arkéa Banque Entreprises et Institutionnels;Banque de Détail;100;;
France;;;;;;;;;;;Arkéa Capital 1;OPCVM;100;;
France;;;;;;;;;;;Arkéa Capital Gestion;Gestion d'Actif et Banque Privée;100;;
France;;;;;;;;;;;Arkéa  Capital Investissement;Banque de financement et activité de marché;100;;
France;;;;;;;;;;;Arkéa Capital Partenaires;Banque de financement et activité de marché;100;;
France;;;;;;;;;;;Arkéa Crédit Bail;Banque de Détail;100;;
France;;;;;;;;;;;Arkéa Foncière;Banque de Détail;100;;
France;;;;;;;;;;;Arkéa Home Loans SFH;Banque de Détail;100;;
France;;;;;;;;;;;Arkéa SCD;Banque de Détail;99,95;;
France;;;;;;;;;;;Autofocus 2/4/6;OPCVM;83;;
France;;;;;;;;;;;Autofocus 6;OPCVM;85;;
France;;;;;;;;;;;Autofocus 7;OPCVM;84;;
France;;;;;;;;;;;Bail Actea;Banque de Détail;100;;
France;;;;;;;;;;;Bancas;Banque de Détail;50;;
France;;;;;;;;;;;Banque Européenne du Crédit Mutuel (BECM);Banque de Détail;96;;
France;;;;;;;;;;;Banque fédérative du Crédit Mutuel (BFCM);Multisecteur;100;;
France;;;;;;;;;;;Banque du Groupe Casino;Banque de détail;50;;
France;;;;;;;;;;;Banque Transatlantique;Gestion d'Actif et Banque Privée;100;;
France;;;;;;;;;;;BCMNE;Banque de Détail;100;;
France;;;;;;;;;;;BPE CAP 2/4/6;OPCVM;73;;
France;;;;;;;;;;;BPE Rendement 2018;OPCVM;45;;
France;;;;;;;;;;;Caisse de Bretagne de CMA;Banque de Détail;93;;
France;;;;;;;;;;;Carmen Holding Investissement;Autres Sociétés;0;TUP BFCM;Fusion avec BFCM p.44
France;;;;;;;;;;;Cartes et crédits à la consommation;Banque de Détail;100;;
France;;;;;;;;;;;CD Partenaires (ex Cholet Dupont Partenaires);Gestion d'Actif et Banque Privée;100;;
France;;;;;;;;;;;CIC Est;Banque de Détail;100;;
France;;;;;;;;;;;CIC Iberbanko;Banque de Détail;100;;
France;;;;;;;;;;;CIC Lyonnaise de Banque (LB);Banque de Détail;100;;
France;;;;;;;;;;;CIC Migrations;Autres Sociétés;0;Déconsolidation;Sortie du périmètre … lié à la cession de Banca popolare Milano p.44
France;;;;;;;;;;;CIC Nord Ouest;Banque de Détail;100;;
France;;;;;;;;;;;Cicor;Autres Sociétés;0;Déconsolidation;Sortie du périmètre … lié à la cession de Banca popolare Milano p.44
France;;;;;;;;;;;Cicoval;Autres Sociétés;0;Déconsolidation;Sortie du périmètre … lié à la cession de Banca popolare Milano p.44
France;;;;;;;;;;;CIC  Ouest;Banque de Détail;100;;
France;;;;;;;;;;;CIC Participations;Autres Sociétés;100;;
France;;;;;;;;;;;CIC Sud Ouest;Banque de Détail;100;;
France;;;;;;;;;;;CM-CIC Asset Management;Banque de Détail;74;;
France;;;;;;;;;;;CM-CIC Bail;Banque de Détail;99;;
France;;;;;;;;;;;CM-CIC Capital et Participations;Banque de financement et activité de marché;100;Première consolidation;
France;;;;;;;;;;;CM-CIC Capital Finance;Banque de financement et activité de marché;100;;
France;;;;;;;;;;;CM-CIC Capital Innovation;Banque de financement et activité de marché;100;;
France;;;;;;;;;;;CM-CIC Conseil;Banque de financement et activité de marché;100;;
France;;;;;;;;;;;CM-CIC Epargne Salariale;Banque de Détail;100;;
France;;;;;;;;;;;CM-CIC Factor;Banque de Détail;96;;
France;;;;;;;;;;;CM-CIC Gestion;Banque de Détail;100;;
France;;;;;;;;;;;CM-CIC Immobilier;Banque de Détail;100;;
France;;;;;;;;;;;CM-CIC Investissement;Banque de financement et activité de marché;100;;
France;;;;;;;;;;;CM-CIC Home Loan SFH;Banque de Détail;100;;
France;;;;;;;;;;;CM-CIC Lease;Banque de Détail;100;;
France;;;;;;;;;;;CM-CIC Proximité;Banque de financement et activité de marché;100;;
France;;;;;;;;;;;CM-CIC Securities;Banque de financement et activité de marché;100;;
France;;;;;;;;;;;CM-CIC Services;Autres Sociétés;100;;
France;;;;;;;;;;;CMCP - Crédit Mutuel des Cartes de Paiement;Autres Sociétés;45;;
France;;;;;;;;;;;CM Habitat Gestion;Gestion d'Actif et Banque Privée;0;Liquidation;
France;;;;;;;;;;;CMN Environnement;Autres Sociétés;100;;
France;;;;;;;;;;;CMNE Home Loans FCT;Banque de Détail;100;;
France;;;;;;;;;;;CMNE Performances 2014;OPCVM;0;;
France;;;;;;;;;;;CMNE Selections;OPCVM;36;;
France;;;;;;;;;;;CMN Tel;Autres Sociétés;100;;
France;;;;;;;;;;;Cofidis France;Banque de Détail;100;;
France;;;;;;;;;;;Cofidis Participations;Autres Sociétés;55;;
France;;;;;;;;;;;Compagnie Européenne d'Opérations Immobilières (CEOI);Banque de financement et activité de marché;100;;
France;;;;;;;;;;;Convictions Asset Management;Gestion d'Actif et Banque Privée;30;;
France;;;;;;;;;;;Convictions Classic B;OPCVM;50;;
France;;;;;;;;;;;Courtage CMNE;Société d'Assurance;100;;
France;;;;;;;;;;;CR. Mut. Pierre 1;SCPI;37;;
France;;;;;;;;;;;Creatis;Banque de Détail;100;;
France;;;;;;;;;;;Crédit Foncier et Communal d'Alsace et de Lorraine Banque;Banque de Détail;100;;
France;;;;;;;;;;;Crédit Foncier et Communal d'Alsace et de Lorraine SCF;Banque de Détail;100;;
France;;;;;;;;;;;Crédit Industriel et Commercial (CIC) - IDF;Multisecteur;98.88;;
France;;;;;;;;;;;Crédit Mutuel Arkéa Public Sector SCF;Banque de Détail;100;;
France;;;;;;;;;;;Diademe Global Selection (A);OPCVM;90;;
France;;;;;;;;;;;Distripub;Autres Sociétés;100;;
France;;;;;;;;;;;Digiteo 2;OPCVM;93;;
France;;;;;;;;;;;Documents AP;Autres Sociétés;100;;
France;;;;;;;;;;;Dubly-Douilhet Gestion;Gestion d'Actif et Banque Privée;100;;
France;;;;;;;;;;;Efsa;Autres Sociétés;0;Déconsolidation;Sortie du périmètre … lié à la cession de Banca popolare Milano p.44
France;;;;;;;;;;;EI Telecom;Autres Sociétés;95;;
France;;;;;;;;;;;EIP;Autres Sociétés;100;;
France;;;;;;;;;;;Elixime Janvier 2015;OPCVM;100;;
France;;;;;;;;;;;Elixime Janvier 2016;OPCVM;100;;
France;;;;;;;;;;;Elixime Juin 2014;OPCVM;0;;
France;;;;;;;;;;;Est Bourgogne Médias;Autres Sociétés;100;;
France;;;;;;;;;;;Est Bourgogne Rhône Alpes (EBRA);Autres Sociétés;100;;
France;;;;;;;;;;;Euro-information;Autres Sociétés;100;;
France;;;;;;;;;;;Euro-informaton Développement;Autres Sociétés;100;;
France;;;;;;;;;;;Euro Protection Surveillance;Autres Sociétés;99.97;;
France;;;;;;;;;;;FCP Nord Europe Gestion;Banque de Détail;0;Liquidation;
France;;;;;;;;;;;FCP Richebé Gestion;Banque de Détail;100;;
France;;;;;;;;;;;FCP Richebé Recovery;Banque de Détail;0;Liquidation;
France;;;;;;;;;;;FCPR Nord-Europe 1;OPCVM;52;;
France;;;;;;;;;;;FCT Collectivité;Banque de Détail;100;Première Consolidation;
France;;;;;;;;;;;FCT CMCIC Home Loans;Banque de financement et activité de marché;100;;
France;;;;;;;;;;;FCT LFP Créances Immobilières;Banque de Détail;100;;
France;;;;;;;;;;;Federal Actions Ethiques;OPCVM;56;;
France;;;;;;;;;;;Federal Actions Rendement;OPCVM;93;;
France;;;;;;;;;;;Federal Apal;OPCVM;58;;
France;;;;;;;;;;;Federal Capital Investissement Europe;OPCVM;100;;
France;;;;;;;;;;;Federal Conviction ISR Euro;OPCVM;61;;
France;;;;;;;;;;;Federal Croissance;OPCVM;88;;
France;;;;;;;;;;;Federal Equipements;Banque de Détail;100;;
France;;;;;;;;;;;Federal Essor International;OPCVM;53;;
France;;;;;;;;;;;Federal Finance;Gestion d'Actif et Banque Privée;100;;
France;;;;;;;;;;;Federal Finance Gestion;Gestion d'Actif et Banque Privée;100;;
France;;;;;;;;;;;Federal Indiciel Japon;OPCVM;67;;
France;;;;;;;;;;;Federal Indiciel US;OPCVM;54;;
France;;;;;;;;;;;Federal Multi Actions Europe;OPCVM;72;;
France;;;;;;;;;;;Federal Multi Or et Matières Premières;OPCVM;88;;
France;;;;;;;;;;;Federal Multi Patrimoine;OPCVM;92;;
France;;;;;;;;;;;Federal Multi PME;OPCVM;87;;
France;;;;;;;;;;;Federal Obligation Court Terme;OPCVM;62;;
France;;;;;;;;;;;Federal Opportunité Equilibre;OPCVM;100;;
France;;;;;;;;;;;Federal Opportunité Modéré;OPCVM;98;;
France;;;;;;;;;;;Federal Opportunité Tonique;OPCVM;98;;
France;;;;;;;;;;;Federal Optimal;OPCVM;55;;
France;;;;;;;;;;;Federal Perspectives 2015;OPCVM;88;;
France;;;;;;;;;;;Federal Service;Banque de Détail;98;;
France;;;;;;;;;;;Federal Support Court Terme;OPCVM;33;;
France;;;;;;;;;;;Financière Nord Europe;Autres Sociétés;100;;
France;;;;;;;;;;;Financo;Banque de Détail;100;;
France;;;;;;;;;;;Fininmad;Autres Sociétés;100;;
France;;;;;;;;;;;Fivory (ex BCMI);Banque de Détail;100;;
France;;;;;;;;;;;Foncière Massena;Autres Sociétés;100;;
France;;;;;;;;;;;Formul'Action 2015;OPCVM;98;;
France;;;;;;;;;;;Formul'Action 2017;OPCVM;85;;
France;;;;;;;;;;;Formul'Action 2017 FP;OPCVM;83;;
France;;;;;;;;;;;Formul'Action Sécurité;OPCVM;93;;
France;;;;;;;;;;;Fortunéo;Banque de Détail;100;;
France;;;;;;;;;;;France Régie;Autres Sociétés;100;;
France;;;;;;;;;;;Franklin Gérance;Gestion d'Actif et Banque Privée;0;TUP LF Real Estate Managers;Fusion avec Francaise Real Estate Managers 
France;;;;;;;;;;;GEIE Synergie;Autres Sociétés;100;;
France;;;;;;;;;;;Gesteurop;Banque de Détail;100;;
France;;;;;;;;;;;Gestunion 2;Autres Sociétés;0;Déconsolidation;Sortie du périmètre … lié à la cession de Banca popolare Milano p.44
France;;;;;;;;;;;Gestunion 3;Autres Sociétés;0;Déconsolidation;Sortie du périmètre … lié à la cession de Banca popolare Milano p.44
France;;;;;;;;;;;Gestunion 4;Autres Sociétés;0;Déconsolidation;Sortie du périmètre … lié à la cession de Banca popolare Milano p.44
France;;;;;;;;;;;GICM;Banque de Détail;100;;
France;;;;;;;;;;;GIE BCMNE Gestion;Banque de Détail;100;;
France;;;;;;;;;;;GIE CMN Prestations;Banque de Détail;100;;
France;;;;;;;;;;;GIE Groupe La Française (ex GIE La Française AM);Gestion d'Actif et Banque Privée;100;;
France;;;;;;;;;;;Groupe Cholet-Dupont;Gestion d'Actif et Banque Privée;34;;
France;;;;;;;;;;;Groupe des Assurances du Crédit Mutuel (GACM);Société d'Assurance;100;;
France;;;;;;;;;;;Groupe la Française;Gestion d'Actif et Banque Privée;98;;
France;;;;;;;;;;;Groupe Progrès;Autres Sociétés;100;;
France;;;;;;;;;;;Groupe Républicain Lorrain Communication (GRLC);Autres Sociétés;100;;
France;;;;;;;;;;;Groupe Républicain Lorrain Imprimeries (GRLI);Autres Sociétés;100;;
France;;;;;;;;;;;Impex Finance;Autres Sociétés;0;Déconsolidation;
France;;;;;;;;;;;Immobilière ACM;Société d'Assurance;100;;
France;;;;;;;;;;;Immobilière CMN;Banque de Détail;100;;
France;;;;;;;;;;;Immocity;Autres Sociétés;100;;
France;;;;;;;;;;;Infolis;Société d'Assurance;0;TUP avec CM Arkéa;TUP avec CM Arkéa (p.166)
France;;;;;;;;;;;Jean Bozzi Communication;Autres Sociétés;100;;
France;;;;;;;;;;;Journal de la Haute Marne;Autres Sociétés;50;;
France;;;;;;;;;;;Kaléidoscope;OPCVM;98;;
France;;;;;;;;;;;L'Alsace;Autres Sociétés;0;TUP SAP Alsace;Fusion avec SAP Alsace p.44
France;;;;;;;;;;;L'Est Republicain;Autres Sociétés;92;;
France;;;;;;;;;;;La Française AM Finances Services;Gestion d'Actif et Banque Privée;100;;
France;;;;;;;;;;;La Française AM Gestion Privée;Gestion d'Actif et Banque Privée;100;;
France;;;;;;;;;;;La Française AM International Claims Collection;Gestion d'Actif et Banque Privée;100;;
France;;;;;;;;;;;La Française Inflection Point;Gestion d'Actif et Banque Privée;73.8;;
France;;;;;;;;;;;La Française Investment Solutions (LFIS);Gestion d'Actif et Banque Privée;65;;
France;;;;;;;;;;;La Française des Placements;Gestion d'Actif et Banque Privée;100;;
France;;;;;;;;;;;La Française Real Estate Managers;Gestion d'Actif et Banque Privée;100;;
France;;;;;;;;;;;La Française Real Estate Partners;Gestion d'Actif et Banque Privée;65;;
France;;;;;;;;;;;La Liberté de l'Est;Autres Sociétés;97;;
France;;;;;;;;;;;La Perennité Entreprises;Société d'Assurance;0;TUP ACMN Vie;
France;;;;;;;;;;;La Tribune;Autres Sociétés;100;;
France;;;;;;;;;;;Le Dauphiné Libéré;Autres Sociétés;100;;
France;;;;;;;;;;;Le Republicain Lorrain;Autres Sociétés;100;;
France;;;;;;;;;;;Les dernières nouvelles d'Alsace;Autres Sociétés;100;;
France;;;;;;;;;;;Les dernières nouvelles de Colmar;Autres Sociétés;100;;
France;;;;;;;;;;;Les Editions de l'Echiquier;Autres Sociétés;0;TUP SAP Alsace;
France;;;;;;;;;;;Leasecom;Banque de Détail;100;;
France;;;;;;;;;;;Leasecom Car;Banque de Détail;100;;
France;;;;;;;;;;;Leasecom Financial Assets;Banque de Détail;100;;
France;;;;;;;;;;;Leasecom Group;Banque de Détail;100;;
France;;;;;;;;;;;LFIP Multitrends;OPCVM;48;;
France;;;;;;;;;;;LFIS Perspectiv 1C. C;OPCVM;0;;
France;;;;;;;;;;;LFP Actions Euros IRS ( R );OPCVM;0;;
France;;;;;;;;;;;LFP Actions Monde FCP;OPCVM;48;;
France;;;;;;;;;;;LFP Allocation 7 ( R );OPCVM;61;;
France;;;;;;;;;;;LFP Allocation Volatilité PI;OPCVM;84;;
France;;;;;;;;;;;LFP Allocation Volatilité PR;OPCVM;98;;
France;;;;;;;;;;;LFP Alteram Event;OPCVM;83;;
France;;;;;;;;;;;LFP Alteram Multiarbitrage II;OPCVM;86;;
France;;;;;;;;;;;LFP Alteram Multiarbitrages;OPCVM;86;;
France;;;;;;;;;;;LFP CDS 3 ANS (S);OPCVM;0;;
France;;;;;;;;;;;LFP Convertible Dynamique P;OPCVM;0;;
France;;;;;;;;;;;LFP Coussin Opportun. FCP 3DEC;OPCVM;100;;
France;;;;;;;;;;;LFP Credit Flexible Inter R;OPCVM;0;;
France;;;;;;;;;;;LFP European Fund of Funds SI.;SCPI;91;;
France;;;;;;;;;;;LFP Foncieres Europe ( R );OPCVM;56;;
France;;;;;;;;;;;LFP Grands Vignobles;SCPI;63;;
France;;;;;;;;;;;LFP Horizon 2014;OPCVM;87;;
France;;;;;;;;;;;LFP IMMO SR 2;SCPI;36;;
France;;;;;;;;;;;LFP Inflation Plus;OPCVM;41;;
France;;;;;;;;;;;LFP Libroblig FCP 5DEC;OPCVM;84;;
France;;;;;;;;;;;LFP Multistrategies Obligatair;OPCVM;0;;
France;;;;;;;;;;;LFP Multi Trends;OPCVM;0;;
France;;;;;;;;;;;LFP Nexity Services Immobilier;Autres Sociétés;24;;
France;;;;;;;;;;;LFP Obligations Emergentes P;OPCVM;51;;
France;;;;;;;;;;;LFP Obligations ISR D;OPCVM;0;;
France;;;;;;;;;;;LFP Obligations LT;OPCVM;37;;
France;;;;;;;;;;;LFP Opsis Assurance;SCPI;98;;
France;;;;;;;;;;;LFP Opsis Patrimoine Partenair;SCPI;48;;
France;;;;;;;;;;;LFP Patrimoine Emergent I;OPCVM;0;;
France;;;;;;;;;;;LFP Patrimoine Emergent P;OPCVM;0;;
France;;;;;;;;;;;LFP Patrimoine Flexible R;OPCVM;91;;
France;;;;;;;;;;;LFP Pierre;SCPI;56;;
France;;;;;;;;;;;LFP Premium Emergents R;OPCVM;97;;
France;;;;;;;;;;;LFP Profil Performance R;OPCVM;73;;
France;;;;;;;;;;;LFP Profil Regularite R;OPCVM;88;;
France;;;;;;;;;;;LFP Rendement 2017 R;OPCVM;0;;
France;;;;;;;;;;;LFP Selection Emerging;OPCVM;51;;
France;;;;;;;;;;;LFP Trésorerie Active R;OPCVM;39;;
France;;;;;;;;;;;LFP Trésorerie B FCP 4DEC;OPCVM;95;;
France;;;;;;;;;;;LFP Trésorerie MOYEN TERME R;OPCVM;99;;
France;;;;;;;;;;;LFP Trésorerie R;OPCVM;0;;
France;;;;;;;;;;;Marsovalor;Autres Sociétés;0;Déconsolidation;Sortie du périmètre … lié à la cession de Banca popolare Milano p.44
France;;;;;;;;;;;Massena Property;Société d'Assurance;100;;
France;;;;;;;;;;;Massimob;Société d'Assurance;100;;
France;;;;;;;;;;;Mediaportage;Autres Sociétés;100;;
France;;;;;;;;;;;Monabanq;Banque de Détail;100;;
France;;;;;;;;;;;Monex;Banque de Détail;100;;
France;;;;;;;;;;;MTRL;Société d'Assurance;100;;
France;;;;;;;;;;;Néa Arbitrages;OPCVM;0;;
France;;;;;;;;;;;New Alpha Asset Management;Gestion d'Actif et Banque Privée;100;;
France;;;;;;;;;;;Next Advisor;Banque de Détail;100;;
France;;;;;;;;;;;Next Invest;OPCVM;55;;
France;;;;;;;;;;;Nord Europe Assurances;Société d'Assurance;100;;
France;;;;;;;;;;;Nord Europe Lease (ex Bail immo Nord);Banque de Détail;100;;
France;;;;;;;;;;;Nord Europe Partenariat;Banque de financement et activité de marché;100;;
France;;;;;;;;;;;Nord Europe Participations et Investissements (NEPI);Autres Sociétés;100;;
France;;;;;;;;;;;Nord Europe Retraite;Société d'Assurance;100;;
France;;;;;;;;;;;Nord Ouest Entrepreneurs 4;OPCVM;81;;
France;;;;;;;;;;;Nouvelles Expertises et Talents AM;Autres Sociétés;100;;
France;;;;;;;;;;;Novelia;Société d'Assurance;100;;
France;;;;;;;;;;;Océan Participations;Banque de financement et activité de marché;100;;
France;;;;;;;;;;;OPCI Preims Euros;OPCVM;100;;
France;;;;;;;;;;;OPCI Raspail;Banque de Détail;100;;
France;;;;;;;;;;;Parisii Gestion Privée;Gestion d'Actif et Banque Privée;69;;
France;;;;;;;;;;;Pargestion 2;Autres Sociétés;0;Déconsolidation;Sortie du périmètre … lié à la cession de Banca popolare Milano p.44
France;;;;;;;;;;;Pargestion 4;Autres Sociétés;0;Déconsolidation;Sortie du périmètre … lié à la cession de Banca popolare Milano p.44
France;;;;;;;;;;;Patrimmofi;Gestion d'Actif et Banque Privée;69;;
France;;;;;;;;;;;Pierre Expansion;SCPI;85;;
France;;;;;;;;;;;Placinvest;Autres Sociétés;0;Déconsolidation;Sortie du périmètre … lié à la cession de Banca popolare Milano p.44
France;;;;;;;;;;;Presse Diffusion;Autres Sociétés;100;;
France;;;;;;;;;;;Primonial;Gestion d'Actif et Banque Privée;69;;
France;;;;;;;;;;;Primonial Asset Management;Gestion d'Actif et Banque Privée;69;;
France;;;;;;;;;;;Primonial Courtage;Gestion d'Actif et Banque Privée;69;;
France;;;;;;;;;;;Primonial Holdings;Gestion d'Actif et Banque Privée;69;;
France;;;;;;;;;;;Primonial Investment Manager;Gestion d'Actif et Banque Privée;69;;
France;;;;;;;;;;;Primonial Reim;Gestion d'Actif et Banque Privée;45;;
France;;;;;;;;;;;Procapital;Banque de Détail;100;;
France;;;;;;;;;;;Procourtage;Société d'Assurance;100;;
France;;;;;;;;;;;Publiprint Dauphiné;Autres Sociétés;100;;
France;;;;;;;;;;;Publiprint Provinces n°1;Autres Sociétés;100;;
France;;;;;;;;;;;Républicain Lorrain Communication;Autres Sociétés;100;;
France;;;;;;;;;;;Républicain Lorrain TV News;Autres Sociétés;100;;
France;;;;;;;;;;;Roche Brune AM SAS;Gestion d'Actif et Banque Privée;47;;
France;;;;;;;;;;;Roto Offset Imprimeries;Autres Sociétés;0;TUP Editions de l'Echiquier;
France;;;;;;;;;;;Saint-Pierre SNC;Banque de Détail;0;Déconsolidation;Déconsolidation pour activités non significatives p.212
France;;;;;;;;;;;SAS Volney Bocage;Banque de Détail;100;;
France;;;;;;;;;;;SAP Alsace (ex SFEJIC);Autres Sociétés;99;;
France;;;;;;;;;;;Schelcher Euros Rendement;OPCVM;25;;
France;;;;;;;;;;;Schelcher Prince Gestion;Gestion d'Actif et Banque Privée;84;;
France;;;;;;;;;;;SCI ACM;Autres Sociétés;100;;
France;;;;;;;;;;;SCI Alsace;Autres Sociétés;0;TUP SAP Alsace;
France;;;;;;;;;;;SCI Centre Gare;Autres Sociétés;100;;
France;;;;;;;;;;;SCI CMN;Banque de Détail;100;;
France;;;;;;;;;;;SCI CMN 1;Banque de Détail;100;;
France;;;;;;;;;;;SCI CMN 2;Banque de Détail;100;;
France;;;;;;;;;;;SCI CMN 3;Banque de Détail;100;;
France;;;;;;;;;;;SCI CMN location;Banque de Détail;100;;
France;;;;;;;;;;;SCI CMN location 2;Banque de Détail;100;;
France;;;;;;;;;;;SCI CMN Richebé Inkerman;Banque de Détail;100;;
France;;;;;;;;;;;SCI Eurosic Cotentin;Société d'Assurance;49.1;;
France;;;;;;;;;;;SCI Interfédéral;Banque de Détail;100;;
France;;;;;;;;;;;SCI La Tréflière;Banque de Détail;100;;
France;;;;;;;;;;;SCI Le Progrès Confluence;Autres Sociétés;100;;
France;;;;;;;;;;;SCI Merlet Immobilier;Banque de Détail;100;;
France;;;;;;;;;;;SCI Perennite Pierre;SCPI;92;;
France;;;;;;;;;;;SCI Raspail Vavin Invest;Banque de Détail;100;;
France;;;;;;;;;;;SCPI LFP Europimmo;SCPI;70;;
France;;;;;;;;;;;SCPI LFP Opportunité Immo;SCPI;0;;
France;;;;;;;;;;;SCPI Patrimmo Croissance;OPCVM;69;;
France;;;;;;;;;;;SCPI Pierval Santé;SCPI;77;;
France;;;;;;;;;;;SDR de Normandie;Banque de financement et activité de marché;0;Liquidation;
France;;;;;;;;;;;Sefal Property;Gestion d'Actif et Banque Privée;46;;
France;;;;;;;;;;;Serenis Assurances;Société d'Assurance;100;;
France;;;;;;;;;;;Serenis Vie;Société d'Assurance;100;;
France;;;;;;;;;;;Sicorfe Maintenance;Autres Sociétés;90;;
France;;;;;;;;;;;Siparex Proximité Innovation;Banque de financement et activité de marché;46;;
France;;;;;;;;;;;Société Civile de Gestion des Parts dans l'Alsace (SCGPA);Autres Sociétés;100;;
France;;;;;;;;;;;Société d'Editions de l'Hebdomadaire du Louhanais et du Jura;Autres Sociétés;100;;
France;;;;;;;;;;;Société de Presse Investissement (SPI);Autres Sociétés;100;;
France;;;;;;;;;;;Société Holding Partenaires;Gestion d'Actif et Banque Privée;51;;
France;;;;;;;;;;;Sodelem Services;Autres Sociétés;0;Déconsolidation;
France;;;;;;;;;;;SOFEMO - Société Fédérative Europ. De Monétique et de Financement;Banque de Détail;100;;
France;;;;;;;;;;;Sofiholding 2;Autres Sociétés;0;Déconsolidation;Sortie du périmètre … lié à la cession de Banca popolare Milano p.44
France;;;;;;;;;;;Sofiholding 3;Autres Sociétés;0;Déconsolidation;Sortie du périmètre … lié à la cession de Banca popolare Milano p.44
France;;;;;;;;;;;Sofiholding 4;Autres Sociétés;0;Déconsolidation;Sortie du périmètre … lié à la cession de Banca popolare Milano p.44
France;;;;;;;;;;;Sofim;Banque de Détail;0;Absorbtion;Absorbtion par CIC Nord Ouestp.44
France;;;;;;;;;;;Sofimmo 3;Autres Sociétés;100;;
France;;;;;;;;;;;Sofinaction;Autres Sociétés;0;Déconsolidation;Sortie du périmètre … lié à la cession de Banca popolare Milano p.44
France;;;;;;;;;;;SP Convertibles ISR Europe;OPCVM;35;;
France;;;;;;;;;;;Sportinvest;Gestion d'Actif et Banque Privée;69;;
France;;;;;;;;;;;Stereo 3;OPCVM;97;;
France;;;;;;;;;;;Stereo 3/6;OPCVM;99;;
France;;;;;;;;;;;Stereo 4;OPCVM;99;;
France;;;;;;;;;;;Stereo 4/8;OPCVM;98;;
France;;;;;;;;;;;Suravenir;Société d'Assurance;100;;
France;;;;;;;;;;;Suravenir Assurances;Société d'Assurance;100;;
France;;;;;;;;;;;Suravenir Initiative Actions;OPCVM;100;;
France;;;;;;;;;;;Suravenir Référence Actions;OPCVM;100;;
France;;;;;;;;;;;Swell Clas. GTAA FD UCITS S FCP;OPCVM;99;;
France;;;;;;;;;;;Swell Soft GTAA Fund;OPCVM;100;;
France;;;;;;;;;;;Synergie Finance Investissement;OPCVM;100;;
France;;;;;;;;;;;Theia Viager;Banque de Détail;80;Création;
France;;;;;;;;;;;Transactimmo;Banque de Détail;100;;
France;;;;;;;;;;;Transatlantique Gestion;Gestion d'Actif et Banque Privée;100;;
France;;;;;;;;;;;Sudinnova;Banque de financement et activité de marché;66;;
France;;;;;;;;;;;UFG Alteram Stratégies Futures;OPCVM;0;;
France;;;;;;;;;;;UFG Pixel 1;SCPI;80;;
France;;;;;;;;;;;UFG Property Managers;Gestion d'Actif et Banque Privée;100;;
France;;;;;;;;;;;Ufigestion 2;Autres Sociétés;0;Déconsolidation;Sortie du périmètre … lié à la cession de Banca popolare Milano p.44
France;;;;;;;;;;;Union Immobilière Océan SCI;Autres Sociétés;100;;
France;;;;;;;;;;;Ugépar Services;Autres Sociétés;0;Déconsolidation;Sortie du périmètre … lié à la cession de Banca popolare Milano p.44
France;;;;;;;;;;;Valimar 2;Autres Sociétés;0;Déconsolidation;Sortie du périmètre … lié à la cession de Banca popolare Milano p.44
France;;;;;;;;;;;Valimar 4;Autres Sociétés;0;Déconsolidation;Sortie du périmètre … lié à la cession de Banca popolare Milano p.44
France;;;;;;;;;;;VTP 1;Autres Sociétés;0;Déconsolidation;Sortie du périmètre … lié à la cession de Banca popolare Milano p.44
France;;;;;;;;;;;VTP 5;Autres Sociétés;0;Déconsolidation;Sortie du périmètre … lié à la cession de Banca popolare Milano p.44
France;;;;;;;;;;;Vendatour Investissement;Autres Sociétés;100;;
France;;;;;;;;;;;Vie Services;Société d'Assurance;100;;
France;;;;;;;;;;;Volney Développement;Banque de financement et activité de marché;100;;
France;;;;;;;;;;;Voltaire Capital;Gestion d'Actif et Banque Privée;69;;
France;;;;;;;;;;;Yucatan 3;OPCVM;95;;
France;;;;;;;;;;;Yucatan 4;OPCVM;93;;
France;;;;;;;;;;;Zephyr Home Loans FCT;Banque de Détail;100;;
Hong Kong;0;0;0;0;0;0;0;1;0;1;JKC Capital Managment Ltd;Gestion d'Actif et Banque Privée;50;;
Hongrie;17;2;0;0;-1;0;153;1;0;1;Cofidis Hongrie (succursale de Cofidis France);Banque de Détail;100;;
Îles Caïmans;1;1;0;0;0;0;0;0;2;2;Calypso Management Company;Banque de financement et activité de marché;0;Dissolution;
Îles Caïmans;;;;;;;;;;;Lafayette CLO 1 Ltd.;Banque de financement et activité de marché;0;Déconsolidation;Déconsolidation pour activités non significatives p.212
Italie;26;-11;0;0;0;0;138;1;1;2;Banca Popolare di Milano;Banque de détail;0;Cession hors groupe;Cession p.212
Italie;;;;;;;;;;;Cofidis Italie;Banque de Détail;100;;
Liechtenstein;0;0;0;0;0;0;13;0;1;1;Banque Pasche Liechtenstein AG;Gestion d'Actif et Banque Privée;0;Cession hors groupe;Cession p.212
Luxembourg;292;129;-18;-3;-19;-21;831;25;4;29;ACM RE;Société d'Assurance;100;;
Luxembourg;;;;;;;;;;;Axa IM ILS Fund G;OPCVM;36;;
Luxembourg;;;;;;;;;;;Banque du Luxembourg;Gestion d'Actif et Banque Privée;100;;
Luxembourg;;;;;;;;;;;Banque transatlantique Luxembourg;Gestion d'Actif et Banque Privée;100;;
Luxembourg;;;;;;;;;;;BKCP Core Fund Class A;OPCVM;0;;
Luxembourg;;;;;;;;;;;BKCP Core Fund Class B;OPCVM;0;;
Luxembourg;;;;;;;;;;;Cigogne Management;Banque de financement et activité de marché;100;;
Luxembourg;;;;;;;;;;;CP-BK Reinsurance;Société d'Assurance;100;;
Luxembourg;;;;;;;;;;;Diversified Debt Securities SICAV-SIF;Banque de financement et activité de marché;100;;
Luxembourg;;;;;;;;;;;Divhold;Banque de financement et activité de marché;100;;
Luxembourg;;;;;;;;;;;ICM Life;Société d'Assurance;100;;
Luxembourg;;;;;;;;;;;La Française AM Fund - LFP Rendement Global 2022 Classe R US DH;OPCVM;74;;
Luxembourg;;;;;;;;;;;La Française AM International;Gestion d'Actif et Banque Privée;100;;
Luxembourg;;;;;;;;;;;La Française Bank (ex La Française AM Private Bank);Gestion d'Actif et Banque Privée;100;;
Luxembourg;;;;;;;;;;;LF AM LFP MUL O BC C.;OPCVM;100;;
Luxembourg;;;;;;;;;;;LF AM LFPFSGIRE ID D.;OPCVM;93;;
Luxembourg;;;;;;;;;;;LFIP Leaders Emergents;OPCVM;70;;
Luxembourg;;;;;;;;;;;LFIP Trend Opportunities;OPCVM;81;;
Luxembourg;;;;;;;;;;;LFIS Vision Absolute Return IS;OPCVM;0;;
Luxembourg;;;;;;;;;;;LFIS Vision Credit OPP. I Eur;OPCVM;55;;
Luxembourg;;;;;;;;;;;LFP Leaders Emergents;OPCVM;0;;
Luxembourg;;;;;;;;;;;LFP Opportunity Delff Eur HGH;OPCVM;59;;
Luxembourg;;;;;;;;;;;LFP S&P Capital IQ FUND - LFP R2P Global High Yield I CAP EUR;OPCVM;100;;
Luxembourg;;;;;;;;;;;LFP S&P Capital IQ FUND - LFP R2P Global High Yield R CAP USD;OPCVM;98;;
Luxembourg;;;;;;;;;;;LFP SV;Banque de financement et activité de marché;100;;
Luxembourg;;;;;;;;;;;Lumedia;Autres Sociétés;50;;
Luxembourg;;;;;;;;;;;Nord Europe Life Luxembourg;Société d'Assurance;100;;
Luxembourg;;;;;;;;;;;Primonial Luxembourg;Gestion d'Actif et Banque Privée;69;;
Luxembourg;;;;;;;;;;;UFG  IC Fund;OPCVM;44;;
Maroc;0;-33;0;0;0;0;0;2;0;2;Banque Marocaine du Commerce Extérieur (BECM);Banque de Détail;26;;
Maroc;;;;;;;;;;;RMA Watanya;Société d'Assurance;22;;
Monaco;2;1;0;0;0;0;9;2;0;2;Banque Européenne du Crédit Mutuel Monaco;Banque de Détail;100;;
Monaco;;;;;;;;;;;Trinity SAM (ex Banque Pasche Monaco SAM);Gestion d'Actif et Banque Privée;100;;
Pays-Bas;0;0;0;0;0;0;0;1;0;1;Forum Holdings B.V.;Gestion d'Actif et Banque Privée;25;;
Portugal;109;53;-15;0;-3;-15;399;1;0;1;Cofidis Portugal (succursale de Cofidis France);Banque de Détail;100;;
République Tchèque;8;-1;0;0;-1;0;152;1;0;1;Cofidis République Tchèque;Banque de Détail;100;;
Royaume-Uni;43;39;-9;1;-3;-8;50;6;1;7;Banque Transatlantique Londes (succursale de BT);Gestion d'Actif et Banque Privée;100;;
Royaume-Uni;;;;;;;;;;;CIC Londres (succursale du CIC);Multisecteur;100;;
Royaume-Uni;;;;;;;;;;;CM-CIC Securities London Branch (succursale de CM-CIC Securities);Banque de financement et activité de marché;0;Déconsolidation;Déconsolidation pour activités non significatives p.212
Royaume-Uni;;;;;;;;;;;Inflection Point Capital Management Ltd;Gestion d'Actif et Banque Privée;49;;
Royaume-Uni;;;;;;;;;;;La Française Global Real Estate Investment Management Ltd;Gestion d'Actif et Banque Privée;100;;
Royaume-Uni;;;;;;;;;;;LFF Real Estate Partners Ltd;Gestion d'Actif et Banque Privée;62.79;;
Royaume-Uni;;;;;;;;;;;Tages Capital LLP;Gestion d'Actif et Banque Privée;40;;
Saint Martin (Antilles Néerlandaises);2;0;0;0;0;0;7;1;0;1;BECM Saint Martin (succursale BECM);Banque de Détail;100;;
Singapour;65;19;-2;0;-2;-2;214;3;0;3;Banque transatlantique Singapore;Gestion d'Actif et Banque Privée;100;;
Singapour;;;;;;;;;;;CIC Singapour (succursale du CIC);Multisecteur;100;;
Singapour;;;;;;;;;;;Targo IT Consulting GmbH Singapore (succursale de Targo IT Consulting GmbH);Autres Sociétés;100;;
Slovaquie;0;-1;0;0;0;0;2;1;0;1;Cofidis Slovaquie;Banque de Détail;100;;
Suisse;87;3;-1;0;-12;-1;350;4;1;5;Agefor SA Genève;Gestion d'Actif et Banque Privée;0;Cession hors groupe;
Suisse;;;;;;;;;;;Banque Pasche;Gestion d'Actif et Banque Privée;100;;
Suisse;;;;;;;;;;;CIC Suisse;Gestion d'Actif et Banque Privée;100;;
Suisse;;;;;;;;;;;Pasche Finance SA Fribourg;Gestion d'Actif et Banque Privée;100;;
Suisse;;;;;;;;;;;Serficom Family Office SA;Gestion d'Actif et Banque Privée;100;;
Tunisie;0;15;0;0;0;0;0;2;0;2;Astree;Société d'Assurance;30;;
