Pays ;PNB en m€;résultat courant avant impôt;impôt courant;impôt différé;impôt sur les bénéfices;Effectifs (ETP);Filiales CBCR;Filiales Périmètre +;Total Filiales ;filiales ;Activités;% de contrôle ;;Modification du périmètre durant 2014
Albanie;8 ;-4 ;0 ;0 ;0 ;237;1;0;1;Crédit Agricole Bank Albania S.A.;Banque de Proximité à l'International;;;
Algérie;12 ;9 ;-2 ;0 ;-2 ;24;1;0;1;Crédit Agricole CIB Algérie Bank Spa;Banque de Financement et d'Investissement;;;
Allemagne;299 ;71 ;-22 ;2 ;-20 ;1110;6;2;8;Amundi DEUTSCHLAND;Gestion de l'Epargne et Assurances;;;
Allemagne;;;;;;;;;;C.L. Verwaltungs und Beteiligungsgesellschaft GmbH;Banque de Proximité en France;;;
Allemagne;;;;;;;;;;CACEIS Bank Deutschland GmbH;Gestion de l'Epargne et Assurances;;;
Allemagne;;;;;;;;;;Crédit Agricole CIB (Allemagne);Banque de Financement et d'Investissement;;;
Allemagne;;;;;;;;;;Créditplus Bank AG;Services Financiers Spécialisés;;;
Allemagne;;;;;;;;;;Eurofactor AG (Allemagne);Services Financiers Spécialisés;;;
Allemagne;;;;;;;;;;FGA Bank Germany GmbH;Services Financiers Spécialisés;50;;Changement de méthode de consolidation: IFRS 11
Allemagne;;;;;;;;;;Newedge (Francfort);Banque de Financement et d'Investissement;;;Société Cédée/Perte de Contrôle
Autriche;;;;;;;0;2;2;FGA Bank GmbH;Services Financiers Spécialisés;50;;Co-entreprise  mise en équivalence. Changement de méthode de consolidation: IFRS 11
Autriche;;;;;;;;;;FGA Leasing GmbH;Services Financiers Spécialisés;50;;Co-entreprise  mise en équivalence. Changement de méthode de consolidation: IFRS 12
Arabie Saoudite;;;;;;;0;1;1;Banque Saudi Fransi -  BSF;Banque de Financement et d'Investissement;31,1;;Entreprise associée, mise en équivalence
Australie;57 ;44 ;-17 ;5 ;-12 ;29;1;1;2;Crédit Agricole CIB Australia Ltd.;Banque de Financement et d'Investissement;;;
Australie;;;;;;;;;;Newedge Australia PTY Ltd.;Banque de Financement et d'Investissement;;;Société Cédée/perte de contrôle
Bahamas;1 ;-1 ;0 ;0 ;0 ;0;1;0;1;Crédit Agricole Suisse (Bahamas) Ltd.;Gestion de l'Epargne et Assurances;;;
Belgique;40 ;18 ;-5 ;0 ;-5 ;111;13;6;19;Benelpart;Banque de Financement et d'Investissement;;;Création
Belgique;;;;;;;;;;Crédit Agricole CIB (Belgique);Banque de Financement et d'Investissement;;;
Belgique;;;;;;;;;;Financière des Scarabées;Banque de Financement et d'Investissement;;;
Belgique;;;;;;;;;;Lafina;Banque de Financement et d'Investissement;;;
Belgique;;;;;;;;;;SNGI Belgium;Banque de Financement et d'Investissement;;;
Belgique;;;;;;;;;;Soccoclabecq;Banque de Financement et d'Investissement;5;;Entité en IFRS 5
Belgique;;;;;;;;;;Sofipac;Banque de Financement et d'Investissement;;;
Belgique;;;;;;;;;;Transpar;Banque de Financement et d'Investissement;5;;Entité en IFRS 5
Belgique;;;;;;;;;;Centea;Banque de Proximité à l'International;;;
Belgique;;;;;;;;;;Crelan Insurance SA;Banque de Proximité à l'International;;;
Belgique;;;;;;;;;;Crelan SA;Banque de Proximité à l'International;5;;Entité en IFRS 5
Belgique;;;;;;;;;;Europabank;Banque de Proximité à l'International;50;;Changement de méthode de consolidation: IFRS 11
Belgique;;;;;;;;;;Keytrade;Banque de Proximité à l'International;;;
Belgique;;;;;;;;;;Amundi Belgium;Gestion de l'Epargne et Assurances;5;;Entité en IFRS 5
Belgique;;;;;;;;;;CACEIS Bank Luxembourg (Brussels);Gestion de l'Epargne et Assurances;;;
Belgique;;;;;;;;;;CACEIS Belgium;Gestion de l'Epargne et Assurances;;;
Belgique;;;;;;;;;;Crédit Agricole Luxembourg (Belgique);Gestion de l'Epargne et Assurances;;;
Belgique;;;;;;;;;;Eurofactor SA - NV (Benelux);Services Financiers Spécialisés;;;
Belgique;;;;;;;;;;FGA Capital Belgium S.A.;Services Financiers Spécialisés;;;Fusion/absorbtion
Bermudes;-1 ;0 ;0 ;0 ;0 ;0;1;0;1;CLSA Financial Products Ltd;Banque de Financement et d'Investissement;;;
Brésil;51 ;12 ;-4 ;0 ;-4 ;125;3;1;4;FIC-FIDC;Banque de Financement et d'Investissement;;;Entrée dans le périmètre
Brésil;;;;;;;;;;Banco Crédit Agricole Brasil S.A.;Banque de Financement et d'Investissement;;;
Brésil;;;;;;;;;;CA Brasil DTVM;Gestion de l'Epargne et Assurances;;;
Brésil;;;;;;;;;;Newedge Representaçoes Ltda.;Banque de Financement et d'Investissement;;;Société Cédée/Perte de Contrôle
Brunei;;;;;;;0;1;1;Amundi SINGAPORE LTD BRUNEI BRANCH;Gestion de l'Epargne et Assurances;;;Cessation d'activité
Bulgarie;;;;;;;0;1;1;Crédit Agricole Bulgaria;Banque de Proximité à l'International;?;;Société Cédée/Perte de Contrôle
Canada;0 ;-2 ;0 ;0 ;0 ;76;1;1;2;CACEIS (Canada) Ltd.;Gestion de l'Epargne et Assurances;;;
Canada;;;;;;;;;;Newedge Canada Inc.;Banque de Financement et d'Investissement;;;Société Cédée/Perte de Contrôle
Chine;46 ;25 ;-8 ;2 ;-6 ;123;1;3;4;ABC-CA Fund Management CO;Gestion de l'Epargne et Assurances;33,3;;
Chine;;;;;;;;;;Crédit Agricole CIB China Ltd.;Banque de Financement et d'Investissement;;;
Chine;;;;;;;;;;Citic Newedge Futures Corp Ltd.;Banque de Financement et d'Investissement;;;Société Cédée/Perte de Contrôle
Chine;;;;;;;;;;GAC - Sofinco Auto Finance Co. Ltd.;Services Financiers Spécialisés;50;;Changement de méthode de consolidation: IFRS 11
Corée du Sud;38 ;20 ;-4 ;-1 ;-5 ;75;1;2;3;Crédit Agricole CIB (Corée du Sud);Banque de Financement et d'Investissement;;;
Corée du Sud;;;;;;;;;;NH-CA Asset Management Ltd.;Gestion de l'Epargne et Assurances;40;;
Corée du Sud;;;;;;;;;;UBAF (Corée du Sud);Banque de Financement et d'Investissement;47;;Changement de méthode de consolidation: IFRS 11
Danemark;;;;;;;0;4;4;Dan Aktiv;Services Financiers Spécialisés;?;;Société Cédée/Perte de Contrôle
Danemark;;;;;;;;;;FGA Capital Denmark A/S;Services Financiers Spécialisés;50;;Cp-entreprise, Mise en équivalence - Changement de méthode de consolidation: IFRS 11
Danemark;;;;;;;;;;Forso Denmark;Services Financiers Spécialisés;50;;
Danemark;;;;;;;;;;Nordic Consumer Finance A/S;Services Financiers Spécialisés;;;Société Cédée/perte de contrôle
Egypte;190 ;116 ;-32 ;-1 ;-33 ;2282;1;0;1;Crédit Agricole Egypt S.A.E.;Banque de Proximité à l'International;;;
Émirats Arabes Unis;40 ;14 ;-1 ;0 ;-1 ;82;3;1;4;Crédit Agricole CIB (ABU DHABI);Banque de Financement et d'Investissement;;;Entrée dans le périmètre
Émirats Arabes Unis;;;;;;;;;;Crédit Agricole CIB (DUBAÏ DIFC);Banque de Financement et d'Investissement;;;Entrée dans le périmètre
Emirats Arabes Unis;;;;;;;;;;Crédit Agricole CIB (DUBAÏ);Banque de Financement et d'Investissement;;;
Émirats Arabes Unis;;;;;;;;;;Newedge (Dubaï);Banque de Financement et d'Investissement;;;Société Cédée/Perte de Contrôle
Espagne;190 ;109 ;-34 ;-3 ;-37 ;235;6;6;12;Altura Markets;Banque de Financement et d'Investissement;;;Société Cédée/Perte de Contrôle
Espagne;;;;;;;;;;Amundi Iberia S.G.I.I.C. S.A.;Gestion de l'Epargne et Assurances;;;
Espagne;;;;;;;;;;Bankoa;Banque de Proximité à l'International;30;;
Espagne;;;;;;;;;;CAL Espagne;Services Financiers Spécialisés;;;
Espagne;;;;;;;;;;CRCAM SUD MED. SUC (Succursale);Succursale d'une banque de proximité en France;100;;
Espagne;;;;;;;;;;Crédit Agricole CIB (Espagne);Banque de Financement et d'Investissement;;;
Espagne;;;;;;;;;;Crédit Agricole Luxembourg (Espagne);Gestion de l'Epargne et Assurances;;;
Espagne;;;;;;;;;;Eurofactor Hispania S.A.;Services Financiers Spécialisés;;;
Espagne;;;;;;;;;;FGA Capital Services Spain S.A.;Services Financiers Spécialisés;50;;Changement de méthode de consolidation: IFRS 11
Espagne;;;;;;;;;;FGA Capital Spain EFC S.A.;Services Financiers Spécialisés;50;;Changement de méthode de consolidation: IFRS 11
Espagne;;;;;;;;;;Mercagentes;Etablissement bancaire;25;;
Espagne;;;;;;;;;;Predica - Prévoyance Dialogue du Crédit Agricole;Gestion de l'Epargne et Assurances;;;
États-Unis;854 ;440 ;-31 ;-11 ;-42 ;793;20;2;22;Acieralliage USD FCC;Banque de Financement et d'Investissement;;;Modification du périmètre: IFRS10
États-Unis;;;;;;;;;;Amundi Distributors USA Llc. ;Gestion de l'Epargne et Assurances;;;Franchissement de Seuil
États-Unis;;;;;;;;;;Amundi Investments USA LLC;Gestion de l'Epargne et Assurances;;;
États-Unis;;;;;;;;;;Amundi Smith Breeden ;Gestion de l'Epargne et Assurances;;;
États-Unis;;;;;;;;;;Amundi USA Inc.;Gestion de l'Epargne et Assurances;;;
États-Unis;;;;;;;;;;Atlantic Asset Securitization LLC;Banque de Financement et d'Investissement;;;Modification du périmètre: IFRS10
États-Unis;;;;;;;;;;CA Preferred Funding LLC;Activité Hors Métiers;;;
États-Unis;;;;;;;;;;CACEIS (USA) Inc.;Gestion de l'Epargne et Assurances;;;
États-Unis;;;;;;;;;;Crédit Agricole America Services Inc.;Banque de Financement et d'Investissement;;;
États-Unis;;;;;;;;;;Crédit Agricole CIB (Chicago);Banque de Financement et d'Investissement;;;Entrée dans le périmètre
États-Unis;;;;;;;;;;Crédit Agricole CIB (Miami);Banque de Financement et d'Investissement;;;
États-Unis;;;;;;;;;;Crédit Agricole CIB (New York);Banque de Financement et d'Investissement;;;
États-Unis;;;;;;;;;;Crédit Agricole Global Partners Inc.;Banque de Financement et d'Investissement;;;
États-Unis;;;;;;;;;;Crédit Agricole Leasing (USA) Corp.;Banque de Financement et d'Investissement;;;
États-Unis;;;;;;;;;;Crédit Agricole North America Inc.;Banque de Financement et d'Investissement;;;Cessation d'activités
États-Unis;;;;;;;;;;Crédit Agricole Securities (USA) Inc.;Banque de Financement et d'Investissement;;;
États-Unis;;;;;;;;;;Genavent Partners Lp;Gestion de l'Epargne et Assurances;;;Entrée dans le périmètre
États-Unis;;;;;;;;;;Indosuez CM II Inc.;Banque de Financement et d'Investissement;;;
États-Unis;;;;;;;;;;L.F. Investment Inc.;Banque de Financement et d'Investissement;;;
États-Unis;;;;;;;;;;L.F. investment L.P.;Banque de Financement et d'Investissement;;;
États-Unis;;;;;;;;;;Newedge Facilities Managment Inc.;Banque de Financement et d'Investissement;;;Société cédée/Perte de contrôle
États-Unis;;;;;;;;;;Newedge USA LLC;Banque de Financement et d'Investissement;;;Société cédée/Perte de contrôle
Finlande;12 ;9 ;-2 ;1 ;-1 ;11;1;2;3;Crédit Agricole CIB (Finlande);Banque de Financement et d'Investissement;;;
Finlande;;;;;;;;;;Finaref OY;Services Financiers Spécialisés;;;Société cédée/Perte de contrôle
Finlande;;;;;;;;;;Forso Finalnd;Services Financiers Spécialisés;50;;Changement de méthode de consolidation: IFRS 11
France;7587 ;154 ;454 ;-253 ;201 ;38053;422;200;622;Acacia;Gestion de l'Epargne et Assurances;;;Entrée dans le périmètre
France;;;;;;;;;;Acajou;Gestion de l'Epargne et Assurances;;;Entrée dans le périmètre
France;;;;;;;;;;Acieralliage EURO FCC;Banque de Financement et d'Investissement;;;Modification du périmètre: IFRS10
France;;;;;;;;;;Actions 70;Gestion de l'Epargne et Assurances;;;Modification du périmètre: IFRS10
France;;;;;;;;;;Adret Gestion;Divers - EAS;25;;
France;;;;;;;;;;Alsace Elite;Divers - EAS;25;;
France;;;;;;;;;;Alsolia;Services Financiers Spécialisés;20;;
France;;;;;;;;;;AM CR 1-3 EU PC 3D;Gestion de l'Epargne et Assurances;;;Franchissement de Seuil/ IFRS 10
France;;;;;;;;;;AMUN TRESO  CT PC 3D;Gestion de l'Epargne et Assurances;;;Franchissement de Seuil/ IFRS 10
France;;;;;;;;;;AMUN.TRES.EONIA ISR E FCP 3D;Gestion de l'Epargne et Assurances;;;Modification du Seuil IFRS 10
France;;;;;;;;;;Amundi;Gestion de l'Epargne et Assurances;;;
France;;;;;;;;;;Amundi Absolute Credit;Gestion de l'Epargne et Assurances;;;Modification du seuil: IFRS 10
France;;;;;;;;;;Amundi ACT.MONDE P;Gestion de l'Epargne et Assurances;;;Modification du seuil: IFRS 10
France;;;;;;;;;;AMUNDI ACTIONS EUROPEENNES ;Gestion de l'Epargne et Assurances;;;Fusion/Absorbtion/ IFRS 10
France;;;;;;;;;;AMUNDI ACTIONS.MINERG FCP 3DEC;Gestion de l'Epargne et Assurances;;;Création/Dissolution/IFRS 10
France;;;;;;;;;;AMUNDI AFD AV DURABL P1 FCP 3DEC;Gestion de l'Epargne et Assurances;;;Modification du seuil: IFRS 10
France;;;;;;;;;;AMUNDI AI S.A.S.;Gestion de l'Epargne et Assurances;;;
France;;;;;;;;;;AMUNDI CRED.EURO ISR P FCP 3DEC ;Gestion de l'Epargne et Assurances;;;Modification du Seuil IFRS 10
France;;;;;;;;;;Amundi Finance;Gestion de l'Epargne et Assurances;;;
France;;;;;;;;;;Amundi Finance Emissions;Gestion de l'Epargne et Assurances;;;
France;;;;;;;;;;Amundi GBL MACRO MULTI ASSET P;Gestion de l'Epargne et Assurances;;;Modification du Seuil IFRS 10
France;;;;;;;;;;AMUNDI GRD 22 FCP;Gestion de l'Epargne et Assurances;;;
France;;;;;;;;;;Amundi Group;Gestion de l'Epargne et Assurances;;;
France;;;;;;;;;;Amundi Immobilier;Gestion de l'Epargne et Assurances;;;
France;;;;;;;;;;AMUNDI INDEX EURO P FCP 3DEC ;Gestion de l'Epargne et Assurances;;;Fusion/Absorbtion / IFRS 10
France;;;;;;;;;;AMUNDI INDEX JAPON P FCP 3DEC ;Gestion de l'Epargne et Assurances;;;Fusion/Absorbtion / IFRS 10
France;;;;;;;;;;AMUNDI INDEX USA P FCP 3DEC ;Gestion de l'Epargne et Assurances;;;Fusion/Absorbtion / IFRS 10
France;;;;;;;;;;Amundi India Holding;Gestion de l'Epargne et Assurances;;;
France;;;;;;;;;;Amundi Informatique Technique Services;Gestion de l'Epargne et Assurances;;;
France;;;;;;;;;;Amundi Intermédiation;Gestion de l'Epargne et Assurances;;;
France;;;;;;;;;;Amundi PATRIMOINE C 3DEC;Gestion de l'Epargne et Assurances;;;Modification du Seuil IFRS 10
France;;;;;;;;;;Amundi Performance Absolue Equilibre;Gestion de l'Epargne et Assurances;;;Entrée dans le périmètre
France;;;;;;;;;;Amundi Private Equity Funds;Gestion de l'Epargne et Assurances;;;
France;;;;;;;;;;AMUNDI PULSACTIONS;Gestion de l'Epargne et Assurances;;;Modification du Seuil IFRS 10
France;;;;;;;;;;Amundi Tenue de Comptes;Gestion de l'Epargne et Assurances;;;
France;;;;;;;;;;AMUNDI TRIANANCE 3 3DEC;Gestion de l'Epargne et Assurances;;;Cessation d'Activité
France;;;;;;;;;;Amundi Ventures;Gestion de l'Epargne et Assurances;;;
France;;;;;;;;;;Anjou Maine Gestion;Divers - EAS;25;;
France;;;;;;;;;;ANTINEA FCP;Gestion de l'Epargne et Assurances;;;Modification du Seuil IFRS 10
France;;;;;;;;;;Aquitaine Immobilier Investissement ;Développement Touristique-Immobilier;29,3;;
France;;;;;;;;;;Aquitaux Rendement ;Divers - EAS;29,3;;
France;;;;;;;;;;ARAMIS PATRIM D 3D;Gestion de l'Epargne et Assurances;;;Franchissement de seuil / IFRS 10
France;;;;;;;;;;ARC FLEXIBOND-D;Gestion de l'Epargne et Assurances;;;Création/IFRS 10
France;;;;;;;;;;Argence Investissement S.A.S.;Services Financiers Spécialisés;;;
France;;;;;;;;;;Armo-Invest;Banque de Financement et d'Investissement;;;
France;;;;;;;;;;Armor Fonds Dédié;Divers - EAS;25;;Création
France;;;;;;;;;;Assurances Mutuelles Fédérales;Gestion de l'Epargne et Assurances;;;
France;;;;;;;;;;ATOUT EUROPE C FCP 3DEC;Gestion de l'Epargne et Assurances;;;Modification du Seuil IFRS 10
France;;;;;;;;;;ATOUT FRANCE C FCP 3DEC;Gestion de l'Epargne et Assurances;;;Modification du Seuil IFRS 10
France;;;;;;;;;;ATOUT HORIZON DUO FCP 3DEC;Gestion de l'Epargne et Assurances;;;Modification du Seuil IFRS 10
France;;;;;;;;;;ATOUT MONDE C FCP 3DEC;Gestion de l'Epargne et Assurances;;;Modification du Seuil IFRS 10
France;;;;;;;;;;ATOUT QUANTEUROLAND SI 3DEC;Gestion de l'Epargne et Assurances;;;Modification du Seuil IFRS 10
France;;;;;;;;;;ATOUT VERT HORIZON FCP 3DEC;Gestion de l'Epargne et Assurances;;;Création/IFRS 10
France;;;;;;;;;;Audaxis France ;Divers - EAS;25;;Entrée dans le périmètre
France;;;;;;;;;;Auxifip;Services Financiers Spécialisés;;;
France;;;;;;;;;;AXA EUR.SM.CAP E 3D;Gestion de l'Epargne et Assurances;;;Création/IFRS 10
France;;;;;;;;;;Banque Chalus;Banque de Proximité en France;25;;
France;;;;;;;;;;Banque Thémis;Banque de Proximité en France;;;
France;;;;;;;;;;Belgium CA S.A.S;Etablissement bancaire;10;;
France;;;;;;;;;;Bercy Champs de Mars;Divers - EAS;25,6;;Franchissement de Seuil
France;;;;;;;;;;Bercy Participations;Société d'Investissement;25,6;;
France;;;;;;;;;;BEST BUS MODELS RC;Gestion de l'Epargne et Assurances;;;Franchissement de Seuil/IFRS 10
France;;;;;;;;;;BFC Antilles Guyane;Activité Hors Métiers;;;
France;;;;;;;;;;BFT Gestion;Gestion de l'Epargne et Assurances;;;
France;;;;;;;;;;BFT Opportunité;Gestion de l'Epargne et Assurances;;;
France;;;;;;;;;;CA Aquitaine Agences Immobilières;Divers - EAS;29,3;;
France;;;;;;;;;;CA Aquitaine Immobilier;Divers - EAS;29,3;;
France;;;;;;;;;;CA Centre France Développement;Société d'Investissement;25;;
France;;;;;;;;;;CA Grands Crus;Activité Hors Métiers;;;
France;;;;;;;;;;CA Indosuez Gestion;Gestion de l'Epargne et Assurances;;;
France;;;;;;;;;;CA Indosuez Private Banking;Gestion de l'Epargne et Assurances;;;
France;;;;;;;;;;CA MASTER EUROPE;Gestion de l'Epargne et Assurances;;;Modification du Seuil IFRS 10
France;;;;;;;;;;CA Participations ;Divers - EAS;25;;
France;;;;;;;;;;CA MASTER PATRIMOINE FCP 3DEC;Gestion de l'Epargne et Assurances;;;Modification du Seuil IFRS 10
France;;;;;;;;;;CAA 2013 Compartiment 5 A5;Gestion de l'Epargne et Assurances;;;Création
France;;;;;;;;;;CAA 2013 FCPR B1;Gestion de l'Epargne et Assurances;;;Entrée dans le périmètre
France;;;;;;;;;;CAA 2013 FCPR C1;Gestion de l'Epargne et Assurances;;;Entrée dans le périmètre
France;;;;;;;;;;CAA 2013 FCPR D1;Gestion de l'Epargne et Assurances;;;Entrée dans le périmètre
France;;;;;;;;;;CAA 2013-2;Gestion de l'Epargne et Assurances;;;
France;;;;;;;;;;CAA 2013-3;Gestion de l'Epargne et Assurances;;;
France;;;;;;;;;;CAA 2014 Compartiment 1 part A1;Gestion de l'Epargne et Assurances;;;Création/Entité en IFRS 10
France;;;;;;;;;;CAA 2014 investissement part A3;Gestion de l'Epargne et Assurances;;;Création/Entité en IFRS 10
France;;;;;;;;;;CAA PRIV.FINANC.COMP.1 A1 FIC;Gestion de l'Epargne et Assurances;;;
France;;;;;;;;;;CAA PRIV.FINANC.COMP.2 A2 FIC;Gestion de l'Epargne et Assurances;;;Entrée dans le périmètre
France;;;;;;;;;;Caapimmo 4;Divers - EAS;25,2;;
France;;;;;;;;;;Caapimmo 6;Divers - EAS;25,2;;
France;;;;;;;;;;CACEIS BANK France;Gestion de l'Epargne et Assurances;;;
France;;;;;;;;;;CACEIS Corporate Trust;Gestion de l'Epargne et Assurances;;;
France;;;;;;;;;;CACEIS Fund Administration;Gestion de l'Epargne et Assurances;;;
France;;;;;;;;;;CACEIS S.A.;Gestion de l'Epargne et Assurances;;;
France;;;;;;;;;;CACF Immobilier;Société d'Investissement;25;;
France;;;;;;;;;;CACI Gestion;Gestion de l'Epargne et Assurances;;;
France;;;;;;;;;;CACI NON VIE;Gestion de l'Epargne et Assurances;;;
France;;;;;;;;;;CACI VIE;Gestion de l'Epargne et Assurances;;;
France;;;;;;;;;;CADS Développement;Société d'Investissement;25;;
France;;;;;;;;;;CAIRS Assurance S.A.;Banque de Financement et d'Investissement;;;
France;;;;;;;;;;Caisse Régionale Alpes Provence;Banque de Proximité en France;25,2;;
France;;;;;;;;;;Caisse Régionale Alsace Vosges;Banque de Proximité en France;25;;
France;;;;;;;;;;Caisse Régionale Aquitaine;Banque de Proximité en France;29,3;;
France;;;;;;;;;;Caisse Régionale Atlantique Vendée;Banque de Proximité en France;25,6;;
France;;;;;;;;;;Caisse Régionale Brie Picardie;Banque de Proximité en France;27,4;;
France;;;;;;;;;;Caisse Régionale Centre Est;Banque de Proximité en France;25;;
France;;;;;;;;;;Caisse Régionale Centre France;Banque de Proximité en France;25;;
France;;;;;;;;;;Caisse Régionale Centre Loire;Banque de Proximité en France;27,7;;
France;;;;;;;;;;Caisse Régionale Centre Ouest;Banque de Proximité en France;25;;
France;;;;;;;;;;Caisse Régionale Champagne Bourgogne;Banque de Proximité en France;25;;
France;;;;;;;;;;Caisse Régionale Charente Maritime - Deux Sèvres;Banque de Proximité en France;25;;
France;;;;;;;;;;Caisse Régionale Charente - Périgord;Banque de Proximité en France;25;;
France;;;;;;;;;;Caisse Régionales Côtes d'Armor;Banque de Proximité en France;25;;
France;;;;;;;;;;Caisse Régionale de l'Anjou et du Maine;Banque de Proximité en France;25;;
France;;;;;;;;;;Caisse Régionale des Savoie;Banque de Proximité en France;25;;
France;;;;;;;;;;Caisse Régionale du Finistère;Banque de Proximité en France;25;;
France;;;;;;;;;;Caisse Régionale Franche-Comté;Banque de Proximité en France;25;;
France;;;;;;;;;;Caisse Régionale Guadeloupe;Banque de Proximité en France;27,2;;
France;;;;;;;;;;Caisse Régionale Île-et-Vilaine;Banque de Proximité en France;26;;
France;;;;;;;;;;Caisse Régionale Languedoc;Banque de Proximité en France;25,8;;
France;;;;;;;;;;Caisse Régionale Loire - Haute-Loire;Banque de Proximité en France;25,4;;
France;;;;;;;;;;Caisse Régionale Lorraine;Banque de Proximité en France;25;;
France;;;;;;;;;;Caisse Régionale Martinique;Banque de Proximité en France;28,2;;
France;;;;;;;;;;Caisse Régionale Morbihan;Banque de Proximité en France;28;;
France;;;;;;;;;;Caisse Régionale Nord de France;Banque de Proximité en France;25;;
France;;;;;;;;;;Caisse Régionale Nord Midi-Pyrénées;Banque de Proximité en France;25;;
France;;;;;;;;;;Caisse Régionale Nord-Est;Banque de Proximité en France;26,5;;
France;;;;;;;;;;Caisse Régionale Normandie;Banque de Proximité en France;25;;
France;;;;;;;;;;Caisse Régionale Normandie Seine;Banque de Proximité en France;25,6;;
France;;;;;;;;;;Caisse Régionale Paris et Île-de-France;Banque de Proximité en France;25,6;;
France;;;;;;;;;;Caisse Régionale Provence- Côte d'Azur;Banque de Proximité en France;25;;
France;;;;;;;;;;Caisse Régionale Pyrénées Gascogne;Banque de Proximité en France;25;;
France;;;;;;;;;;Caisse Régionale Réunion;Banque de Proximité en France;25;;
France;;;;;;;;;;Caisse Régionale Sud Méditerranée;Banque de Proximité en France;25;;
France;;;;;;;;;;Caisse Régionale Sud Rhône Alpes;Banque de Proximité en France;25,8;;
France;;;;;;;;;;Caisse Régionale Toulouse 31;Banque de Proximité en France;26,5;;
France;;;;;;;;;;Caisse Régionale Touraine Poitou;Banque de Proximité en France;26,3;;
France;;;;;;;;;;Caisse Régionale Val de France;Banque de Proximité en France;25;;
France;;;;;;;;;;Cofam;Banque de Proximité en France;25,4;;
France;;;;;;;;;;Caisse régionale de Crédit Agricole mutuel de la Corse;Activité Hors Métiers;;;
France;;;;;;;;;;Calciphos;Banque de Financement et d'Investissement;;;
France;;;;;;;;;;CALI Europe Succursale France;Gestion de l'Epargne et Assurances;;;
France;;;;;;;;;;Calixis Finance;Banque de Financement et d'Investissement;;;
France;;;;;;;;;;Calixte Investissement;Société d'Investissement;25;;
France;;;;;;;;;;CAM ENERGIE SAS;Société d'Investissement;25;;
France;;;;;;;;;;CAP Actions 2;Divers - EAS;25,2;;
France;;;;;;;;;;CAP Actions 3;Divers - EAS;25,2;;Création
France;;;;;;;;;;CAP Obligataire;Divers - EAS;25,2;;
France;;;;;;;;;;CAP Régulier 1;Divers - EAS;25,2;;
France;;;;;;;;;;CAPI Centre-Est;Divers - EAS;25;;
France;;;;;;;;;;CAPITOP MONDOBLIGSI.3DEC;Gestion de l'Epargne et Assurances;;;Modification du Seuil IFRS 10
France;;;;;;;;;;Caryatides Finance;Divers - EAS;;;Cessation d'activité
France;;;;;;;;;;CCDS (Carte Cadeaux Distribution Services);Services Financiers Spécialisés;49;;
France;;;;;;;;;;CD COM (ChampagneFM);Divers - EAS;25;;Entrée dans le périmètre
France;;;;;;;;;;Centre France Location Immobilière;Divers - EAS;25;;
France;;;;;;;;;;Cercle Bleu;Divers - EAS;25;;Entrée dans le périmètre
France;;;;;;;;;;CFM Opalis;Divers - EAS;25;;Entrée dans le périmètre
France;;;;;;;;;;Chabrillac;Divers - EAS;24,8;;Entrée dans le périmètre
France;;;;;;;;;;Chorial Allocation;Gestion de l'Epargne et Assurances;;;Entrée dans le périmètre
France;;;;;;;;;;Cinenews;Divers - EAS;25;;Entrée dans le périmètre
France;;;;;;;;;;CL Développement de la Corse;Activité Hors Métiers;;;
France;;;;;;;;;;Clam Philadelphia;Gestion de l'Epargne et Assurances;;;
France;;;;;;;;;;Clifap;Banque de Financement et d'Investissement;;;
France;;;;;;;;;;Compagnie Française de l'Asie (CFA);Banque de Financement et d'Investissement;;;
France;;;;;;;;;;Contact FM;Divers - EAS;25;;Entrée dans le périmètre
France;;;;;;;;;;Courrier Picard ;Divers - EAS;25;;Entrée dans le périmètre
France;;;;;;;;;;CPR ACTIVE US P FCP;Gestion de l'Epargne et Assurances;;;Déconsolidation 
France;;;;;;;;;;CPR AM ;Gestion de l'Epargne et Assurances;;;
France;;;;;;;;;;CPR CONSO ACTIONNAIRE FCP P;Gestion de l'Epargne et Assurances;;;Modification du Seuil IFRS 10
France;;;;;;;;;;CPR Holding (CPRH);Activité Hors Métiers;;;Transmission Universelle du patrimoine
France;;;;;;;;;;CPR R.ST.0-100E.0-1;Gestion de l'Epargne et Assurances;;;Cessation d'activités
France;;;;;;;;;;CPR REAX.0 50 3DEC;Gestion de l'Epargne et Assurances;;;Fusion Absorbtion / IFRS 10
France;;;;;;;;;;CPR REAX.0-100 3DE;Gestion de l'Epargne et Assurances;;;Fusion Absorbtion / IFRS 10
France;;;;;;;;;;CPR REFL SOLID P 3D;Gestion de l'Epargne et Assurances;;;Cessation d'activités
France;;;;;;;;;;CPR REFLEX CIBL.100 P FCP 3DEC;Gestion de l'Epargne et Assurances;;;Modification du Seuil IFRS 10
France;;;;;;;;;;CPR REFLEX STRATEDIS 0-100 P 3D;Gestion de l'Epargne et Assurances;;;Cessation d'activités
France;;;;;;;;;;CPR RENAISSANCE JAPON HP 3D;Gestion de l'Epargne et Assurances;;;Franchissement de Seuil/IFRS 10
France;;;;;;;;;;CPR SILVER AGE P 3DEC;Gestion de l'Epargne et Assurances;;;Modification du Seuil IFRS 10
France;;;;;;;;;;CR Provence Cote d'Azur LCR ;Divers - EAS;25;;Création
France;;;;;;;;;;Crealfi;Services Financiers Spécialisés;;;
France;;;;;;;;;;Crédit Agricole Assurances (CAA);Gestion de l'Epargne et Assurances;;;
France;;;;;;;;;;Crédit Agricole Capital Investissement et Finance (CACIF);Activité Hors Métiers;;;
France;;;;;;;;;;Crédit Agricole Cards & Payments;Activité Hors Métiers;;;
France;;;;;;;;;;Crédit Agricole Centre Est Immobilier;Société d'Investissement;25;;
France;;;;;;;;;;Crédit Agricole CIB Air Finance S.A.;Banque de Financement et d'Investissement;;;
France;;;;;;;;;;Crédit Agricole CIB Financial Solutions;Banque de Financement et d'Investissement;;;
France;;;;;;;;;;Crédit Agricole CIB Global Banking;Banque de Financement et d'Investissement;;;
France;;;;;;;;;;Crédit Agricole CIB S.A.;Banque de Financement et d'Investissement;;;
France;;;;;;;;;;Crédit Agricole Consumer Finance ;Services Financiers Spécialisés;;;
France;;;;;;;;;;Crédit Agricole Creditor Insurance (CACI);Gestion de l'Epargne et Assurances;;;
France;;;;;;;;;;Crédit Agricole F.C. Investissement ;Société d'Investissement;25;;
France;;;;;;;;;;Crédit Agricole Home Loan SFH;Activité Hors Métiers;;;
France;;;;;;;;;;Crédit Agricole Immobilier;Activité Hors Métiers;50;;Modification du mode de consolidation
France;;;;;;;;;;Crédit Agricole Immobilier Entreprises;Activité Hors Métiers;50;;Modification du mode de consolidation
France;;;;;;;;;;Crédit Agricole Immobilier Facilities;Activité Hors Métiers;50;;Modification du mode de consolidation
France;;;;;;;;;;Crédit Agricole Immobilier Résidentiel;Activité Hors Métiers;50;;Modification du mode de consolidation
France;;;;;;;;;;Crédit Agricole Leasing & Factoring;Services Financiers Spécialisés;;;
France;;;;;;;;;;Crédit Agricole Private Banking;Gestion de l'Epargne et Assurances;;;
France;;;;;;;;;;Crédit Agricole Public Sector SCF;Activité Hors Métiers;;;
France;;;;;;;;;;Crédit Agricole S.A.;Activité Hors Métiers;;;
France;;;;;;;;;;Crédit du Maroc Succursale de France;Banque de Proximité à l'International;;;entrée dans le périmètre
France;;;;;;;;;;Crédit LIFT;Services Financiers Spécialisés;;;
France;;;;;;;;;;Crédit Lyonnais Développement Economique (CLDE);Banque de Proximité en France;;;
France;;;;;;;;;;Delfinances;Activité Hors Métiers;;;
France;;;;;;;;;;Dolcea Vie;Gestion de l'Epargne et Assurances;;;Fusion/absorbtion
France;;;;;;;;;;DOLCEYS 1 FCP 3DEC;Gestion de l'Epargne et Assurances;;;Cessation d'activités
France;;;;;;;;;;Doumer Finance S.A.S;Banque de Financement et d'Investissement;;;
France;;;;;;;;;;ECOFI MULTI OPPORTUN.FCP 3DEC;Gestion de l'Epargne et Assurances;;;Modification du Seuil IFRS 10
France;;;;;;;;;;Eda;Services Financiers Spécialisés;;;
France;;;;;;;;;;Edokial;Divers - EAS;16,5;;Entrée dans le périmètre
France;;;;;;;;;;Edram opportunités;Gestion de l'Epargne et Assurances;;;
France;;;;;;;;;;Emeraude Croissance;Divers - EAS;26;;
France;;;;;;;;;;ESNI (compartiment Crédit Agricole CIB);Banque de Financement et d'Investissement;;;Création
France;;;;;;;;;;Ester Finance Titrisation;Banque de Financement et d'Investissement;;;
France;;;;;;;;;;Etoile Gestion;Gestion de l'Epargne et Assurances;;;
France;;;;;;;;;;Eucalyptus FCT;Banque de Financement et d'Investissement;;;Modification du Seuil IFRS 10
France;;;;;;;;;;Eurazeo;Activité Hors Métiers;21,5;;
France;;;;;;;;;;Europimmo;Divers - EAS;25;;
France;;;;;;;;;;FAL FLEET Services S.A.S;Services Financiers Spécialisés;50;;Changement de méthode de consolidation: IFRS 11
France;;;;;;;;;;FC France S.A.;Services Financiers Spécialisés;50;;Changement de méthode de consolidation: IFRS 11
France;;;;;;;;;;FCPR CAA 2013;Gestion de l'Epargne et Assurances;;;
France;;;;;;;;;;FCPR CAA COMP;Gestion de l'Epargne et Assurances;;;
France;;;;;;;;;;FCPR CAA COMP TER PART A3;Gestion de l'Epargne et Assurances;;;Entrée dans le périmètre
France;;;;;;;;;;FCPR CAA COMPART BIS PART A2;Gestion de l'Epargne et Assurances;;;Entrée dans le périmètre
France;;;;;;;;;;FCPR CAA compartiment 1 PART A1;Gestion de l'Epargne et Assurances;;;Entrée dans le périmètre
France;;;;;;;;;;FCPR CAA France croissance 2 A ;Gestion de l'Epargne et Assurances;;;
France;;;;;;;;;;FCPR Predica 2007 A;Gestion de l'Epargne et Assurances;;;
France;;;;;;;;;;FCPR Predica 2007 C2;Gestion de l'Epargne et Assurances;;;Entrée dans le périmètre
France;;;;;;;;;;FCPR Predica 2008 A1 ;Gestion de l'Epargne et Assurances;;;
France;;;;;;;;;;FCPR Predica 2008 A2;Gestion de l'Epargne et Assurances;;;Entrée dans le périmètre
France;;;;;;;;;;FCPR Predica 2008 A3;Gestion de l'Epargne et Assurances;;;Entrée dans le périmètre
France;;;;;;;;;;FCPR Predica SECONDAIRE I A1;Gestion de l'Epargne et Assurances;;;
France;;;;;;;;;;FCPR Predica SECONDAIRE I A2;Gestion de l'Epargne et Assurances;;;Entrée dans le périmètre
France;;;;;;;;;;FCPR Predica SECONDAIRES II A;Gestion de l'Epargne et Assurances;;;
France;;;;;;;;;;FCPR Predica SECONDAIRES II B;Gestion de l'Epargne et Assurances;;;Entrée dans le périmètre
France;;;;;;;;;;FCPR Roosevelt Investissements ;Gestion de l'Epargne et Assurances;;;
France;;;;;;;;;;FCPR UI CAP AGRO;Gestion de l'Epargne et Assurances;;;
France;;;;;;;;;;FCPR UI CAP SANTE A;Gestion de l'Epargne et Assurances;;;
France;;;;;;;;;;FCT Cablage FCT;Banque de Financement et d'Investissement;;;Modification du Seuil IFRS 10
France;;;;;;;;;;FCT CAREPTA  - COMPARTIMENT 2014-1;Gestion de l'Epargne et Assurances;;;Création/Entité en IFRS 10
France;;;;;;;;;;FCT CAREPTA  - COMPARTIMENT 2014-2;Gestion de l'Epargne et Assurances;;;Création/Entité en IFRS 10
France;;;;;;;;;;FCT Evergreen HL1;Activité Hors Métiers;;;
France;;;;;;;;;;Federval;Gestion de l'Epargne et Assurances;;;
France;;;;;;;;;;FIA-Net;Activité Hors Métiers;;;
France;;;;;;;;;;Finamur;Services Financiers Spécialisés;;;
France;;;;;;;;;;Financière PCA;Divers - EAS;25;;
France;;;;;;;;;;Finaref Assurances;Gestion de l'Epargne et Assurances;;;
France;;;;;;;;;;Finaref Vie;Gestion de l'Epargne et Assurances;;;
France;;;;;;;;;;Finasic;Activité Hors Métiers;;;
France;;;;;;;;;;Firarmor Gestion;Divers - EAS;25;;
France;;;;;;;;;;Fininvest;Banque de Financement et d'Investissement;;;
France;;;;;;;;;;FIXEO VIE 2;Gestion de l'Epargne et Assurances;;;Cessation d'activités
France;;;;;;;;;;FIXEO VIE FCP 3DEC;Gestion de l'Epargne et Assurances;;;Cessation d'activités
France;;;;;;;;;;FL Auto SNC;Services Financiers Spécialisés;50;;Changement de méthode de consolidation: IFRS 11
France;;;;;;;;;;Fletirec;Banque de Financement et d'Investissement;;;
France;;;;;;;;;;FL Location SNC;Services Financiers Spécialisés;50;;Changement de méthode de consolidation: IFRS 11
France;;;;;;;;;;Foncaris;Activité Hors Métiers;;;
France;;;;;;;;;;FONDS AV ECHUS NÂ°1;Gestion de l'Epargne et Assurances;;;Société cédée/perte de contrôle
France;;;;;;;;;;Fonds dédié Elstar;Divers - EAS;25;;
France;;;;;;;;;;Force 29;Divers - EAS;25;;Création
France;;;;;;;;;;Force 4;Divers - EAS;25;;
France;;;;;;;;;;Force Alsace;Divers - EAS;25;;
France;;;;;;;;;;Force Charente Maritime Deux Sèvres;Divers - EAS;25;;
France;;;;;;;;;;Force Iroise;Divers - EAS;25;;
France;;;;;;;;;;Force Languedoc;Divers - EAS;25,8;;
France;;;;;;;;;;Force Lorraine Duo;Divers - EAS;25;;
France;;;;;;;;;;Force Profile 20;Divers - EAS;25,6;;
France;;;;;;;;;;Force Run;Divers - EAS;25;;
France;;;;;;;;;;Force Toulouse Diversifiée;Divers - EAS;26,5;;
France;;;;;;;;;;Franche Comté Développement Foncier;Développement Touristique-Immobilier;25;;
France;;;;;;;;;;Franche Comté Développement Immobilier;Développement Touristique-Immobilier;25;;
France;;;;;;;;;;GB Affichage;Divers - EAS;12,5;;Entrée dans le périmètre
France;;;;;;;;;;GB Sud;Divers - EAS;25;;Entrée dans le périmètre
France;;;;;;;;;;Genavent;Gestion de l'Epargne et Assurances;;;Entrée dans le périmètre
France;;;;;;;;;;Graphi;Divers - EAS;;;Déconsolidation
France;;;;;;;;;;GRD01;Gestion de l'Epargne et Assurances;;;
France;;;;;;;;;;GRD02;Gestion de l'Epargne et Assurances;;;
France;;;;;;;;;;GRD03;Gestion de l'Epargne et Assurances;;;
France;;;;;;;;;;GRD04;Gestion de l'Epargne et Assurances;;;
France;;;;;;;;;;GRD05;Gestion de l'Epargne et Assurances;;;
France;;;;;;;;;;GRD06;Gestion de l'Epargne et Assurances;;;
France;;;;;;;;;;GRD07;Gestion de l'Epargne et Assurances;;;
France;;;;;;;;;;GRD08;Gestion de l'Epargne et Assurances;;;
France;;;;;;;;;;GRD09;Gestion de l'Epargne et Assurances;;;
France;;;;;;;;;;GRD10;Gestion de l'Epargne et Assurances;;;
France;;;;;;;;;;GRD11;Gestion de l'Epargne et Assurances;;;
France;;;;;;;;;;GRD12;Gestion de l'Epargne et Assurances;;;
France;;;;;;;;;;GRD13;Gestion de l'Epargne et Assurances;;;
France;;;;;;;;;;GRD14;Gestion de l'Epargne et Assurances;;;
France;;;;;;;;;;GRD15;Gestion de l'Epargne et Assurances;;;
France;;;;;;;;;;GRD16;Gestion de l'Epargne et Assurances;;;
France;;;;;;;;;;GRD17;Gestion de l'Epargne et Assurances;;;
France;;;;;;;;;;GRD18;Gestion de l'Epargne et Assurances;;;
France;;;;;;;;;;GRD19;Gestion de l'Epargne et Assurances;;;
France;;;;;;;;;;GRD20;Gestion de l'Epargne et Assurances;;;
France;;;;;;;;;;GRD21;Gestion de l'Epargne et Assurances;;;
France;;;;;;;;;;GRD22;Gestion de l'Epargne et Assurances;;;
France;;;;;;;;;;GRD23;Gestion de l'Epargne et Assurances;;;Création
France;;;;;;;;;;Green FCT Lease;Services Financiers Spécialisés;;;
France;;;;;;;;;;Green Island ;Divers - EAS;;;Perte de contrôle
France;;;;;;;;;;Hephaïstos EUR FCC;Banque de Financement et d'Investissement;;;Modification du Seuil IFRS 10
France;;;;;;;;;;Hephaïstos GBP FCT;Banque de Financement et d'Investissement;;;Modification du Seuil IFRS 10
France;;;;;;;;;;Hephaïstos Multidevises FCT;Banque de Financement et d'Investissement;;;Modification du Seuil IFRS 10
France;;;;;;;;;;Hephaïstos USD FCT;Banque de Financement et d'Investissement;;;Modification du Seuil IFRS 10
France;;;;;;;;;;I.P.F.O;Banque de Financement et d'Investissement;;;
France;;;;;;;;;;Images en Nord;Divers - EAS;25;;Entrée dans le périmètre
France;;;;;;;;;;Immobilière de Picardie;Divers - EAS;27,4;;
France;;;;;;;;;;IND.CAP EMERG.-C-3D;Gestion de l'Epargne et Assurances;;;Modification du Seuil IFRS 10
France;;;;;;;;;;INDO.FLEX.100-C-3D;Gestion de l'Epargne et Assurances;;;Création/IFRS10
France;;;;;;;;;;INDOS.EUROP.P.3DEC;Gestion de l'Epargne et Assurances;;;Déconsolidation
France;;;;;;;;;;INDOSUEZ CRESCENDO FCP;Gestion de l'Epargne et Assurances;;;Modification du Seuil IFRS 10
France;;;;;;;;;;INDOSUEZ EUROPE EXPENSION FCP;Gestion de l'Epargne et Assurances;;;Modification du Seuil IFRS 10
France;;;;;;;;;;Inforsud Diffusion;Divers - EAS;25;;Entrée dans le périmètre
France;;;;;;;;;;Inforsud Gestion;Divers - EAS;25;;
France;;;;;;;;;;Interfirmo;Banque de Proximité en France;;;
France;;;;;;;;;;Internep;Divers - EAS;25;;Entrée dans le périmètre
France;;;;;;;;;;INVEST RESP S3 3D;Gestion de l'Epargne et Assurances;;;Modification du Seuil IFRS 10
France;;;;;;;;;;IUB Holding;Banque de Proximité à l'International;;;
France;;;;;;;;;;L'Aisne Nouvelle;Divers - EAS;25;;Entrée dans le périmètre
France;;;;;;;;;;L'Immobilière d'à côté;Société d'Investissement;25,2;;
France;;;;;;;;;;L'Indépendant du Pas de Calais;Divers - EAS;25;;Entrée dans le périmètre
France;;;;;;;;;;La Voix du Conseil;Divers - EAS;25;;Entrée dans le périmètre
France;;;;;;;;;;La Voix du Nord;Divers - EAS;25;;Entrée dans le périmètre
France;;;;;;;;;;LCL;Banque de Proximité en France;;;
France;;;;;;;;;;LCL 5 HORIZONS AV FEV2013;Gestion de l'Epargne et Assurances;;;Cessation d'activités
France;;;;;;;;;;LCL AC.DEV.DU.EURO;Gestion de l'Epargne et Assurances;;;Modification du Seuil IFRS 10
France;;;;;;;;;;LCL AC.EMERGENTS 3D;Gestion de l'Epargne et Assurances;;;Modification du Seuil IFRS 10
France;;;;;;;;;;LCL ACT.IMMOBI.3D;Gestion de l'Epargne et Assurances;;;Modification du Seuil IFRS 10
France;;;;;;;;;;LCL ACT.USA ISR 3D;Gestion de l'Epargne et Assurances;;;Franchissement de Seuil / IFRS 10
France;;;;;;;;;;LCL ALLOCATION DYNAMIQUE 3D FCP;Gestion de l'Epargne et Assurances;;;Modification du Seuil IFRS 10
France;;;;;;;;;;LCL ALLOCATION EQUILIBRE 3DEC;Gestion de l'Epargne et Assurances;;;Modification du Seuil IFRS 10
France;;;;;;;;;;LCL AUT 11 VIE SW 7.5 3DEC;Gestion de l'Epargne et Assurances;;;Cessation d'activités
France;;;;;;;;;;LCL AUT VIE 11 PR 10 3DEC;Gestion de l'Epargne et Assurances;;;Cessation d'activités
France;;;;;;;;;;LCL AUT.VIE 2011 SW.10/20 FCP;Gestion de l'Epargne et Assurances;;;Cessation d'activités
France;;;;;;;;;;LCL AUTOC VIE 10 BOM;Gestion de l'Epargne et Assurances;;;Fusion/absorbtion
France;;;;;;;;;;LCL CAPTURE 40 VIE FCP 3DEC;Gestion de l'Epargne et Assurances;;;Modification du Seuil IFRS 10
France;;;;;;;;;;LCL D.CAPT.JU.10 3D;Gestion de l'Epargne et Assurances;;;Modification du Seuil IFRS 10
France;;;;;;;;;;LCL DEVELOPPEM.PME C;Gestion de l'Epargne et Assurances;;;Société Cédée/perte de contrôle
France;;;;;;;;;;LCL Emissions;Gestion de l'Epargne et Assurances;;;Franchissement de Seuil
France;;;;;;;;;;LCL FDS ECH.MONE.3D;Gestion de l'Epargne et Assurances;;;Modification du Seuil IFRS 10
France;;;;;;;;;;LCL Flex 30;Gestion de l'Epargne et Assurances;;;Modification du Seuil IFRS 10
France;;;;;;;;;;LCL GAR.100 AV3DEC;Gestion de l'Epargne et Assurances;;;Cessation d'activités
France;;;;;;;;;;LCL HOR.AV.FEV11 3;Gestion de l'Epargne et Assurances;;;Cessation d'activités
France;;;;;;;;;;LCL MGEST 60 3DEC;Gestion de l'Epargne et Assurances;;;Modification du Seuil IFRS 10
France;;;;;;;;;;LCL MGEST FL.0-100;Gestion de l'Epargne et Assurances;;;Modification du Seuil IFRS 10
France;;;;;;;;;;LCL OBLIGATIONS INFLATION C EUR;Gestion de l'Epargne et Assurances;;;Modification du Seuil IFRS 10
France;;;;;;;;;;LCL ORIENTATION DYNAM FCP3D;Gestion de l'Epargne et Assurances;;;Modification du Seuil IFRS 10
France;;;;;;;;;;LCL ORIENTATION EQUIL.FCP3DEC;Gestion de l'Epargne et Assurances;;;Modification du Seuil IFRS 10
France;;;;;;;;;;LCL ORIENTATION PRUDENT;Gestion de l'Epargne et Assurances;;;Modification du Seuil IFRS 10
France;;;;;;;;;;LCP PERSP 3DEC FCP;Gestion de l'Epargne et Assurances;;;Cessation d'activités
France;;;;;;;;;;LCL SECU.100(JUIL.11);Gestion de l'Epargne et Assurances;;;Modification du Seuil IFRS 10
France;;;;;;;;;;LCL STRATEGIE 100;Gestion de l'Epargne et Assurances;;;Modification du Seuil IFRS 10
France;;;;;;;;;;LCL.TR.HO.OCT10.MO;Gestion de l'Epargne et Assurances;;;Fusion/absorbtion
France;;;;;;;;;;LCL TR.HORIZ.AV(AV11)FCP 3DEC;Gestion de l'Epargne et Assurances;;;Cessation d'activités
France;;;;;;;;;;LCL TRIPLE HORIZ AV 09/12 3DEC;Gestion de l'Epargne et Assurances;;;Déconsolidation
France;;;;;;;;;;LCL TRIPLE HORIZON AV (09 2014);Gestion de l'Epargne et Assurances;;;Modification du Seuil IFRS 10
France;;;;;;;;;;LCL VOCATION RENDEMENT NOV 12 3D;Gestion de l'Epargne et Assurances;;;Modification du Seuil IFRS 10
France;;;;;;;;;;Lixxbail;Services Financiers Spécialisés;;;
France;;;;;;;;;;Lixxcourtage;Services Financiers Spécialisés;;;
France;;;;;;;;;;Lixxcredit;Services Financiers Spécialisés;;;
France;;;;;;;;;;LMA SA;Banque de Financement et d'Investissement;;;Modification du Seuil IFRS 10
France;;;;;;;;;;Locam;Société de Crédit-bail et Location;25,4;;
France;;;;;;;;;;Londres Croissance C16;Gestion de l'Epargne et Assurances;;;Franchissement de Seuil
France;;;;;;;;;;Médicale de France;Gestion de l'Epargne et Assurances;;;
France;;;;;;;;;;Menafinance;Services Financiers Spécialisés;50;;Changement de méthode de consolidation: IFRS 11
France;;;;;;;;;;Merico Delta Print;Divers - EAS;25;;Entrée dans le périmètre
France;;;;;;;;;;Merisma;Banque de Financement et d'Investissement;;;
France;;;;;;;;;;Meura;Divers - EAS;25;;Entrée dans le périmètre
France;;;;;;;;;;Miladim;Banque de Financement et d'Investissement;;;
France;;;;;;;;;;Moliniers Finances;Banque de Financement et d'Investissement;;;
France;;;;;;;;;;Monné-Decroix S.A.S;Activité Hors Métiers;50;;Modification de mode de consolidation
France;;;;;;;;;;Monné-Decroix Résidences S.A.S;Activité Hors Métiers;;;Fusion Abs
France;;;;;;;;;;Morbihan Gestion;MSI Arras;28;;
France;;;;;;;;;;MSI Arras;Divers - EAS;25;;Entrée dans le périmètre
France;;;;;;;;;;MSI Boulogne/mer;Divers - EAS;25;;Entrée dans le périmètre
France;;;;;;;;;;MSI Calais;Divers - EAS;25;;Entrée dans le périmètre
France;;;;;;;;;;MSI le Touquet;Divers - EAS;25;;Entrée dans le périmètre
France;;;;;;;;;;MSI Lens;Divers - EAS;25;;Entrée dans le périmètre
France;;;;;;;;;;MSI Lille;Divers - EAS;25;;Entrée dans le périmètre
France;;;;;;;;;;MSI Valenciennes;Divers - EAS;25;;Entrée dans le périmètre
France;;;;;;;;;;MSI Wimereux;Divers - EAS;25;;Entrée dans le périmètre
France;;;;;;;;;;Nacarat;Divers - EAS;25;;
France;;;;;;;;;;Nep TV;Divers - EAS;25;;Entrée dans le périmètre
France;;;;;;;;;;Newedge;Banque de Financement et d'Investissement;;;Société cédée/perte de contrôle
France;;;;;;;;;;NMP Gestion;Divers - EAS;25;;
France;;;;;;;;;;Nord Capital Investissement;Société d'Investissement;25;;
France;;;;;;;;;;Nord Eclair;Divers - EAS;25;;Entrée dans le périmètre
France;;;;;;;;;;Nord Est Aménagement Promotion;Développement Touristique-Immobilier;26,5;;Entrée dans le périmètre
France;;;;;;;;;;Nord Est Champagne Agro Partenaires;Société d'Investissement;26,5;;
France;;;;;;;;;;Nord Est Expansion;Société d'Investissement;26,5;;
France;;;;;;;;;;Nord Est Gestion Immobilière;Développement Touristique-Immobilier;26,5;;Entrée dans le périmètre
France;;;;;;;;;;Nord Est Immo;Développement Touristique-Immobilier;26,5;;Entrée dans le périmètre
France;;;;;;;;;;Nord Est Immo Entreprises;Développement Touristique-Immobilier;?;;Entrée dans le périmètre + Franchissement de Seuil + Cessation d'activité
France;;;;;;;;;;Nord Est Optimo S.A.S;Développement Touristique-Immobilier;26,5;;
France;;;;;;;;;;Nord Est Patrimoine Immobilier;Développement Touristique-Immobilier;26,5;;Entrée dans le périmètre
France;;;;;;;;;;Nord Est Square Habitat;Développement Touristique-Immobilier;26,5;;Entrée dans le périmètre
France;;;;;;;;;;Nord de France Immobilier;Divers - EAS;25;;
France;;;;;;;;;;Nordipress;Divers - EAS;25;;Entrée dans le périmètre
France;;;;;;;;;;Nord Littoral;Divers - EAS;25;;Entrée dans le périmètre
France;;;;;;;;;;Normandie Seine Foncière;Développement Touristique-Immobilier;25,6;;
France;;;;;;;;;;Norpicom;Divers - EAS;25;;Entrée dans le périmètre
France;;;;;;;;;;NS Immobilier Finance;Divers - EAS;25;;
France;;;;;;;;;;Objectif Long Terme FCP;Gestion de l'Epargne et Assurances;;;
France;;;;;;;;;;OBJECTIF PRUDENCE FCP;Gestion de l'Epargne et Assurances;;;Modification du Seuil IFRS 10
France;;;;;;;;;;OCELIA 2 FCP 3DEC;Gestion de l'Epargne et Assurances;;;Modification du Seuil IFRS 10
France;;;;;;;;;;OPCI Camp Invest;Gestion de l'Epargne et Assurances;;;
France;;;;;;;;;;OPCI Immanens;Gestion de l'Epargne et Assurances;;;Entrée dans le périmètre
France;;;;;;;;;;OPCI Immo Emissions;Gestion de l'Epargne et Assurances;;;Entrée dans le périmètre
France;;;;;;;;;;OPCI Iris Invest 2010;Gestion de l'Epargne et Assurances;;;
France;;;;;;;;;;OPCI Kart;Gestion de l'Epargne et Assurances;;;Création / IFRS 10
France;;;;;;;;;;OPCI Messidor;Gestion de l'Epargne et Assurances;;;
France;;;;;;;;;;OPCIMMO LCL SPPICAV 5DEC;Gestion de l'Epargne et Assurances;;;Modification du Seuil IFRS 10
France;;;;;;;;;;OPCIMMO PREM SPPICAV 5DEC;Gestion de l'Epargne et Assurances;;;Modification du Seuil IFRS 10
France;;;;;;;;;;OPTALIS DYNAMIQUE C FCP 3DEC;Gestion de l'Epargne et Assurances;;;Modification du Seuil IFRS 10
France;;;;;;;;;;OPTALIS EQUILIBRE C FCP 3DEC;Gestion de l'Epargne et Assurances;;;Modification du Seuil IFRS 10
France;;;;;;;;;;OPTALIS EXPANSION C FCP 3DEC;Gestion de l'Epargne et Assurances;;;Modification du Seuil IFRS 10
France;;;;;;;;;;OPTALIS SERENITE C FCP 3DEC;Gestion de l'Epargne et Assurances;;;Modification du Seuil IFRS 10
France;;;;;;;;;;OPTIMANCE FCP 3DEC;Gestion de l'Epargne et Assurances;;;Modification du Seuil IFRS 10
France;;;;;;;;;;OPTIMIZ BEST TIMING II 3DEC;Gestion de l'Epargne et Assurances;;;Modification du Seuil IFRS 10
France;;;;;;;;;;Ozenne Institutionnel;Divers - EAS;26,5;;
France;;;;;;;;;;Pacific EUR FCC;Banque de Financement et d'Investissement;;;Modification du Seuil IFRS 10
France;;;;;;;;;;Pacific IT FCT;Banque de Financement et d'Investissement;;;Modification du Seuil IFRS 10
France;;;;;;;;;;Pacific USD FCT;Banque de Financement et d'Investissement;;;Modification du Seuil IFRS 10
France;;;;;;;;;;Pacifica;Gestion de l'Epargne et Assurances;;;
France;;;;;;;;;;PARC.RETRAIT.21 3D;Gestion de l'Epargne et Assurances;;;Modification du Seuil IFRS 10
France;;;;;;;;;;PARCOURS RETRAITE 26 FCP 3DEC;Gestion de l'Epargne et Assurances;;;Modification du Seuil IFRS 10
France;;;;;;;;;;PARCOURS RETRAITRE 31 3DEC;Gestion de l'Epargne et Assurances;;;Modification du Seuil IFRS 10
France;;;;;;;;;;PCA Immo;Divers - EAS;25;;
France;;;;;;;;;;Peg - Portfolio Eonia Garanti;Gestion de l'Epargne et Assurances;;;Entreée dans le périmètre
France;;;;;;;;;;PG Immo;Divers - EAS;25;;
France;;;;;;;;;;PG Invest;Divers - EAS;25;;
France;;;;;;;;;;Picardie Matin;Divers - EAS;25;;Entrée dans le périmètre
France;;;;;;;;;;PIMENTO 2 FCP 3DEC;Gestion de l'Epargne et Assurances;;;Cessation d'activités
France;;;;;;;;;;Placements et Réalisations Immobilières (SNC);Banque de Financement et d'Investissement;;;
France;;;;;;;;;;Predica;Gestion de l'Epargne et Assurances;;;
France;;;;;;;;;;PREDICA 2005 FCPR A;Gestion de l'Epargne et Assurances;;;
France;;;;;;;;;;PREDICA 2006 FCPR A;Gestion de l'Epargne et Assurances;;;
France;;;;;;;;;;PREDICA 2006-2007 FCPR ;Gestion de l'Epargne et Assurances;;;
France;;;;;;;;;;PREDICA 2010 A1;Gestion de l'Epargne et Assurances;;;
France;;;;;;;;;;PREDICA 2010 A2;Gestion de l'Epargne et Assurances;;;Entrée dans le périmètre
France;;;;;;;;;;PREDICA 2010 A3;Gestion de l'Epargne et Assurances;;;Entrée dans le périmètre
France;;;;;;;;;;PREDICA OPCI Bureau;Gestion de l'Epargne et Assurances;;;
France;;;;;;;;;;PREDICA OPCI Commerces ;Gestion de l'Epargne et Assurances;;;
France;;;;;;;;;;PREDICA OPCI Habitation;Gestion de l'Epargne et Assurances;;;
France;;;;;;;;;;Predica SECONDAIRES III;Gestion de l'Epargne et Assurances;;;
France;;;;;;;;;;Predica A1 FCP;Gestion de l'Epargne et Assurances;;;
France;;;;;;;;;;Predica A2 FCP;Gestion de l'Epargne et Assurances;;;
France;;;;;;;;;;Predica A3 FCP;Gestion de l'Epargne et Assurances;;;
France;;;;;;;;;;Predipark;Gestion de l'Epargne et Assurances;;;Création/Entité en IFRS 10
France;;;;;;;;;;Prédiquant opportunité;Gestion de l'Epargne et Assurances;;;
France;;;;;;;;;;Prédiquant stratégies;Gestion de l'Epargne et Assurances;;;
France;;;;;;;;;;Presse Flamande;Divers - EAS;25;;Entrée dans le périmètre
France;;;;;;;;;;Presse Gratuite Lille Métropole;Divers - EAS;25;;Entrée dans le périmètre
France;;;;;;;;;;Prestimmo;Société d'Investissement;25;;
France;;;;;;;;;;PULSIA VIE FCP 3DEC;Gestion de l'Epargne et Assurances;;;Cessation d'activités
France;;;;;;;;;;Pyrénées Gascogne Altitude;Divers - EAS;25;;
France;;;;;;;;;;Pyrénées Gascogne Gestion;Divers - EAS;25;;
France;;;;;;;;;;Répondances;Divers - EAS;25;;Entrée dans le périmètre
France;;;;;;;;;;S.A.S Arcadim Fusion;Développement Touristique-Immobilier;25;;
France;;;;;;;;;;S.A.S Brie Picardie Expansion;Divers - EAS;27,4;;
France;;;;;;;;;;S.A.S. Chalons Mont Bernard;Développement Touristique-Immobilier;26,5;;
France;;;;;;;;;;S.A.S Charleville Forest;Développement Touristique-Immobilier;26,5;;Entrée dans le périmètre
France;;;;;;;;;;S.A.S Evergreen Montrouge;Activité Hors Métiers;;;
France;;;;;;;;;;S.A.S Immord;Divers - EAS;25;;
France;;;;;;;;;;S.A.S Laon Brosselette;Développement Touristique-Immobilier;26,5;;Entrée dans le périmètre
France;;;;;;;;;;SA Foncière de l'Erable;Développement Touristique-Immobilier;25;;
France;;;;;;;;;;SA RESICO;Gestion de l'Epargne et Assurances;;;
France;;;;;;;;;;SAS Caagis;Gestion de l'Epargne et Assurances;;;
France;;;;;;;;;;SASU Crédit Agricole Immobiliers Investors;Activité Hors Métiers;50;;Modification du Mode de Consolidation
France;;;;;;;;;;SCI 106 BD GL de  Gaulle;Développement Touristique-Immobilier;?;;Création et Déconsolidation
France;;;;;;;;;;SCI Bmedic Habitation;Gestion de l'Epargne et Assurances;;;
France;;;;;;;;;;SCI Campus Medicis St Denis;Gestion de l'Epargne et Assurances;;;Franchissement de seuil
France;;;;;;;;;;SCI Campus Rimbaud St Denis;Gestion de l'Epargne et Assurances;;;Franchissement de seuil
France;;;;;;;;;;SCI Crystal Europe;Développement Touristique-Immobilier;25;;
France;;;;;;;;;;SCI D2 CAM;Activité Hors Métiers;;;
France;;;;;;;;;;SCI Euralliance Europe;Divers - EAS;25;;
France;;;;;;;;;;SCI FEDERALE PEREIRE VICTOIRE;Gestion de l'Epargne et Assurances;;;
France;;;;;;;;;;SCI FEDERALE VILLIERS;Gestion de l'Epargne et Assurances;;;
France;;;;;;;;;;SCI FEDERCOM;Gestion de l'Epargne et Assurances;;;
France;;;;;;;;;;SCI FEDERLOG;Gestion de l'Epargne et Assurances;;;
France;;;;;;;;;;SCI FEDERLONDRES;Gestion de l'Epargne et Assurances;;;
France;;;;;;;;;;SCI FEDERPIERRE;Gestion de l'Epargne et Assurances;;;
France;;;;;;;;;;SCI GRENIER VELLEF;Gestion de l'Epargne et Assurances;;;
France;;;;;;;;;;SCI IMEFA 001;Gestion de l'Epargne et Assurances;;;
France;;;;;;;;;;SCI IMEFA 004;Gestion de l'Epargne et Assurances;;;
France;;;;;;;;;;SCI IMEFA 005;Gestion de l'Epargne et Assurances;;;
France;;;;;;;;;;SCI IMEFA 006;Gestion de l'Epargne et Assurances;;;
France;;;;;;;;;;SCI IMEFA 008;Gestion de l'Epargne et Assurances;;;Franchissement de seuil
France;;;;;;;;;;SCI IMEFA 011;Gestion de l'Epargne et Assurances;;;
France;;;;;;;;;;SCI IMEFA 013;Gestion de l'Epargne et Assurances;;;
France;;;;;;;;;;SCI IMEFA 016;Gestion de l'Epargne et Assurances;;;Franchissement de seuil
France;;;;;;;;;;SCI IMEFA 017;Gestion de l'Epargne et Assurances;;;
France;;;;;;;;;;SCI IMEFA 018;Gestion de l'Epargne et Assurances;;;
France;;;;;;;;;;SCI IMEFA 020;Gestion de l'Epargne et Assurances;;;
France;;;;;;;;;;SCI IMEFA 022;Gestion de l'Epargne et Assurances;;;Franchissement de seuil
France;;;;;;;;;;SCI IMEFA 025;Gestion de l'Epargne et Assurances;;;Franchissement de seuil
France;;;;;;;;;;SCI IMEFA 032;Gestion de l'Epargne et Assurances;;;
France;;;;;;;;;;SCI IMEFA 033;Gestion de l'Epargne et Assurances;;;
France;;;;;;;;;;SCI IMEFA 034;Gestion de l'Epargne et Assurances;;;
France;;;;;;;;;;SCI IMEFA 035;Gestion de l'Epargne et Assurances;;;
France;;;;;;;;;;SCI IMEFA 036;Gestion de l'Epargne et Assurances;;;
France;;;;;;;;;;SCI IMEFA 037;Gestion de l'Epargne et Assurances;;;
France;;;;;;;;;;SCI IMEFA 038;Gestion de l'Epargne et Assurances;;;
France;;;;;;;;;;SCI IMEFA 039;Gestion de l'Epargne et Assurances;;;
France;;;;;;;;;;SCI IMEFA 042;Gestion de l'Epargne et Assurances;;;
France;;;;;;;;;;SCI IMEFA 043;Gestion de l'Epargne et Assurances;;;
France;;;;;;;;;;SCI IMEFA 044;Gestion de l'Epargne et Assurances;;;
France;;;;;;;;;;SCI IMEFA 047;Gestion de l'Epargne et Assurances;;;
France;;;;;;;;;;SCI IMEFA 048;Gestion de l'Epargne et Assurances;;;
France;;;;;;;;;;SCI IMEFA 051;Gestion de l'Epargne et Assurances;;;
France;;;;;;;;;;SCI IMEFA 052;Gestion de l'Epargne et Assurances;;;
France;;;;;;;;;;SCI IMEFA 054;Gestion de l'Epargne et Assurances;;;
France;;;;;;;;;;SCI IMEFA 057;Gestion de l'Epargne et Assurances;;;
France;;;;;;;;;;SCI IMEFA 058;Gestion de l'Epargne et Assurances;;;
France;;;;;;;;;;SCI IMEFA 060;Gestion de l'Epargne et Assurances;;;
France;;;;;;;;;;SCI IMEFA 061;Gestion de l'Epargne et Assurances;;;
France;;;;;;;;;;SCI IMEFA 062;Gestion de l'Epargne et Assurances;;;
France;;;;;;;;;;SCI IMEFA 063;Gestion de l'Epargne et Assurances;;;
France;;;;;;;;;;SCI IMEFA 064;Gestion de l'Epargne et Assurances;;;
France;;;;;;;;;;SCI IMEFA 067;Gestion de l'Epargne et Assurances;;;
France;;;;;;;;;;SCI IMEFA 068;Gestion de l'Epargne et Assurances;;;
France;;;;;;;;;;SCI IMEFA 069;Gestion de l'Epargne et Assurances;;;
France;;;;;;;;;;SCI IMEFA 072;Gestion de l'Epargne et Assurances;;;
France;;;;;;;;;;SCI IMEFA 073;Gestion de l'Epargne et Assurances;;;
France;;;;;;;;;;SCI IMEFA 074;Gestion de l'Epargne et Assurances;;;
France;;;;;;;;;;SCI IMEFA 076;Gestion de l'Epargne et Assurances;;;
France;;;;;;;;;;SCI IMEFA 077;Gestion de l'Epargne et Assurances;;;
France;;;;;;;;;;SCI IMEFA 078;Gestion de l'Epargne et Assurances;;;
France;;;;;;;;;;SCI IMEFA 079;Gestion de l'Epargne et Assurances;;;
France;;;;;;;;;;SCI IMEFA 080;Gestion de l'Epargne et Assurances;;;
France;;;;;;;;;;SCI IMEFA 082;Gestion de l'Epargne et Assurances;;;
France;;;;;;;;;;SCI IMEFA 083;Gestion de l'Epargne et Assurances;;;Franchissement de seuil
France;;;;;;;;;;SCI IMEFA 084;Gestion de l'Epargne et Assurances;;;
France;;;;;;;;;;SCI IMEFA 085;Gestion de l'Epargne et Assurances;;;
France;;;;;;;;;;SCI IMEFA 089;Gestion de l'Epargne et Assurances;;;
France;;;;;;;;;;SCI IMEFA 091;Gestion de l'Epargne et Assurances;;;
France;;;;;;;;;;SCI IMEFA 092;Gestion de l'Epargne et Assurances;;;
France;;;;;;;;;;SCI IMEFA 094;Gestion de l'Epargne et Assurances;;;Franchissement de Seuil/ Fusion
France;;;;;;;;;;SCI IMEFA 096;Gestion de l'Epargne et Assurances;;;
France;;;;;;;;;;SCI IMEFA 100;Gestion de l'Epargne et Assurances;;;
France;;;;;;;;;;SCI IMEFA 101;Gestion de l'Epargne et Assurances;;;
France;;;;;;;;;;SCI IMEFA 102;Gestion de l'Epargne et Assurances;;;
France;;;;;;;;;;SCI IMEFA 103;Gestion de l'Epargne et Assurances;;;
France;;;;;;;;;;SCI IMEFA 104;Gestion de l'Epargne et Assurances;;;
France;;;;;;;;;;SCI IMEFA 105;Gestion de l'Epargne et Assurances;;;
France;;;;;;;;;;SCI IMEFA 107;Gestion de l'Epargne et Assurances;;;
France;;;;;;;;;;SCI IMEFA 108;Gestion de l'Epargne et Assurances;;;
France;;;;;;;;;;SCI IMEFA 109;Gestion de l'Epargne et Assurances;;;
France;;;;;;;;;;SCI IMEFA 110;Gestion de l'Epargne et Assurances;;;
France;;;;;;;;;;SCI IMEFA 112;Gestion de l'Epargne et Assurances;;;
France;;;;;;;;;;SCI IMEFA 113;Gestion de l'Epargne et Assurances;;;
France;;;;;;;;;;SCI IMEFA 115;Gestion de l'Epargne et Assurances;;;
France;;;;;;;;;;SCI IMEFA 116;Gestion de l'Epargne et Assurances;;;
France;;;;;;;;;;SCI IMEFA 117;Gestion de l'Epargne et Assurances;;;
France;;;;;;;;;;SCI IMEFA 118;Gestion de l'Epargne et Assurances;;;
France;;;;;;;;;;SCI IMEFA 120;Gestion de l'Epargne et Assurances;;;
France;;;;;;;;;;SCI IMEFA 121;Gestion de l'Epargne et Assurances;;;
France;;;;;;;;;;SCI IMEFA 122;Gestion de l'Epargne et Assurances;;;
France;;;;;;;;;;SCI IMEFA 123;Gestion de l'Epargne et Assurances;;;
France;;;;;;;;;;SCI IMEFA 126;Gestion de l'Epargne et Assurances;;;
France;;;;;;;;;;SCI IMEFA 128;Gestion de l'Epargne et Assurances;;;
France;;;;;;;;;;SCI IMEFA 129;Gestion de l'Epargne et Assurances;;;
France;;;;;;;;;;SCI IMEFA 131;Gestion de l'Epargne et Assurances;;;
France;;;;;;;;;;SCI IMEFA 132;Gestion de l'Epargne et Assurances;;;
France;;;;;;;;;;SCI IMEFA 139;Gestion de l'Epargne et Assurances;;;
France;;;;;;;;;;SCI IMEFA 140;Gestion de l'Epargne et Assurances;;;Franchissement de Seuil
France;;;;;;;;;;SCI LA BAUME;Gestion de l'Epargne et Assurances;;;
France;;;;;;;;;;SCI le Village Victor Hugo;Gestion de l'Epargne et Assurances;;;
France;;;;;;;;;;SCI Les Fauvins;Divers - EAS;25,2;;
France;;;;;;;;;;SCI MEDI BUREAUX;Gestion de l'Epargne et Assurances;;;
France;;;;;;;;;;SCI Pacifica Hugo;Gestion de l'Epargne et Assurances;;;
France;;;;;;;;;;SCI PORTE DES LILAS - FRERES FLAVIENS;Gestion de l'Epargne et Assurances;;;
France;;;;;;;;;;SCI Quartz Europe;Développement Touristique-Immobilier;25;;
France;;;;;;;;;;SCI Quentyvel;Activité Hors Métiers;;;
France;;;;;;;;;;SCI VALHUBERT;Gestion de l'Epargne et Assurances;;;
France;;;;;;;;;;SCI Vicq d'Azir Vellefaux;Gestion de l'Epargne et Assurances;;;Modification du Seuil IFRS 10
France;;;;;;;;;;Scica HL;Divers - EAS;25,4;;
France;;;;;;;;;;Sedef;Services Financiers Spécialisés;;;
France;;;;;;;;;;Selexia S.A.S.;Activité Hors Métiers;50;;Modification du Mode de Consolidation
France;;;;;;;;;;Sepi;Société d'Investissement;25;;
France;;;;;;;;;;Sequana;Société d'Investissement;25;;
France;;;;;;;;;;SEVALES 3D;Gestion de l'Epargne et Assurances;;;Modification du Seuil: IFRS 10
France;;;;;;;;;;Shark FCC;Banque de Financement et d'Investissement;;;Modification du Seuil: IFRS 10
France;;;;;;;;;;SIA;Divers - EAS;25;;Entrée dans le périmètre
France;;;;;;;;;;SILCA;Activité Hors Métiers;;;
France;;;;;;;;;;Sircam;Banque de Proximité en France;25,4;;
France;;;;;;;;;;SIS (Société Immobilière de la Seine);Activité Hors Métiers;;;
France;;;;;;;;;;SNC Alsace;Activité Hors Métiers;50;;Modification du Mode de Consolidation
France;;;;;;;;;;SNC Eole;Activité Hors Métiers;50;;Modification du Mode de Consolidation
France;;;;;;;;;;SNC Kalliste Assur;Activité Hors Métiers;;;
France;;;;;;;;;;SNGI;Banque de Financement et d'Investissement;;;
France;;;;;;;;;;Socadif;Société d'Investissement;25,6;;
France;;;;;;;;;;Société Génération Gestion (S2G);Gestion de l'Epargne et Assurances;;;
France;;;;;;;;;;Sodica;Activité Hors Métiers;;;
France;;;;;;;;;;Sofinco Participations;Services Financiers Spécialisés;;;
France;;;;;;;;;;SOLIDARITE;Gestion de l'Epargne et Assurances;;;Déconsolidation
France;;;;;;;;;;SOLIDARITE INITIATIS SANTE;Gestion de l'Epargne et Assurances;;;Modification du Seuil: IFRS 10
France;;;;;;;;;;Spirica;Gestion de l'Epargne et Assurances;;;
France;;;;;;;;;;STM;Divers - EAS;25;;Entrée dans le périmètre
France;;;;;;;;;;Sud Rhône Alpes Placement;Divers - EAS;25,8;;
France;;;;;;;;;;TCB;Banque de Financement et d'Investissement;;;
France;;;;;;;;;;Teotys;Services Financiers Spécialisés;;;
France;;;;;;;;;;Toulouse 31 Court Terme;Divers - EAS;26,5;;
France;;;;;;;;;;TRIANANCE 2 3DEC;Gestion de l'Epargne et Assurances;;;Création/ IFRS 10
France;;;;;;;;;;TRIANANCE 5 ANS;Gestion de l'Epargne et Assurances;;;Création/ IFRS 10
France;;;;;;;;;;TRIANANCE N5 C;Gestion de l'Epargne et Assurances;;;Création/ IFRS 10
France;;;;;;;;;;TRIANANCE N6 C;Gestion de l'Epargne et Assurances;;;Création/ IFRS 10
France;;;;;;;;;;Triple P FCC;Banque de Financement et d'Investissement;;;Modification du Seuil: IFRS 10
France;;;;;;;;;;UBAF;Banque de Financement et d'Investissement;47;;Changement de méthode de consolidation: IFRS 11
France;;;;;;;;;;Ucafleet;Services Financiers Spécialisés;35;;
France;;;;;;;;;;UI Vavin 1;Activité Hors Métiers;;;
France;;;;;;;;;;Unibiens;Activité Hors Métiers;50;;Modification du mode de consolidation
France;;;;;;;;;;Uni-Editions;Activité Hors Métiers;;;
France;;;;;;;;;;Unifergie;Services Financiers Spécialisés;;;
France;;;;;;;;;;Val de France Rendement;Divers - EAS;25;;
France;;;;;;;;;;VEND.DOUBOPP.IV 3D;Gestion de l'Epargne et Assurances;;;Modification du Seuil: IFRS 10
France;;;;;;;;;;VENDOME DOUBLE OPP II FCP 3DEC;Gestion de l'Epargne et Assurances;;;Modification du Seuil: IFRS 10
France;;;;;;;;;;VENDOME DOUBLE OPPORT FCP 3DEC;Gestion de l'Epargne et Assurances;;;
France;;;;;;;;;;VENDOME INV.FCP 3DEC;Gestion de l'Epargne et Assurances;;;
France;;;;;;;;;;Via Vita;Gestion de l'Epargne et Assurances;;;
France;;;;;;;;;;Voix du Nord Etudiant;Divers - EAS;25;;Entrée dans le périmètre
France;;;;;;;;;;Voix du Nord Investissement;Divers - EAS;25;;
France;;;;;;;;;;Vulcain EUR FCT;Banque de Financement et d'Investissement;;;Modification du Seuil: IFRS 10
France;;;;;;;;;;Vulcain GBP FCT;Banque de Financement et d'Investissement;;;Modification du Seuil: IFRS 10
France;;;;;;;;;;Vulcain USD FCT;Banque de Financement et d'Investissement;;;Modification du Seuil: IFRS 10
France;;;;;;;;;;84 Fonds UC détenus à + de 95%;Gestion de l'Epargne et Assurances;;;
Grèce;18 ;-3 ;-3 ;-14 ;-17 ;132;4;3;7;Amundi Hellas MFMC S.A.;Gestion de l'Epargne et Assurances;;;
Grèce;;;;;;;;;;CAL Hellas; Services Financiers Spécialisés;;;Société cédée/perte de contrôle
Grèce;;;;;;;;;;Credicom Consumer Finance  Bank S.A.;Services Financiers Spécialisés;;;
Grèce;;;;;;;;;;Crédit Agricole Life;Gestion de l'Epargne et Assurances;;;
Grèce;;;;;;;;;;Emporiki Rent Long Term Leasing of Vehicles S.A.;Services Financiers Spécialisés;;;
Grèce;;;;;;;;;;FGA Capital Hellas S.A.;Services Financiers Spécialisés;50;;Changement de méthode de consolidation: IFRS 11
Grèce;;;;;;;;;;FGA Insurance Hellas S.A.;Services Financiers Spécialisés;50;;Changement de méthode de consolidation: IFRS 11
Guernesey;1 ;0 ;0 ;0 ;0 ;0;2;0;2;Crédit Agricole CIB Finance (Guernsey) Ltd.;Banque de Financement et d'Investissement;;;
Guernesey;;;;;;;;;;Crédit Agricole CIB Financial Prod. (Guernsey) Ltd.;Banque de Financement et d'Investissement;;;
Hong Kong;189 ;38 ;-6 ;0 ;-6 ;595;6;3;9;Amundi Hk - Green Planet Fund;Gestion de l'Epargne et Assurances;;;Entrée dans le périmètre
Hong Kong;;;;;;;;;;AMUNDI HONG KONG BRANCH;Gestion de l'Epargne et Assurances;;;
Hong Kong;;;;;;;;;;Amundi Hong Kong Ltd.;Gestion de l'Epargne et Assurances;;;
Hong Kong;;;;;;;;;;Crédit Agricole Asia Shipfinance Ltd.;Banque de Financement et d'Investissement;;;
Hong Kong;;;;;;;;;;Crédit Agricole CIB (Hong Kong);Banque de Financement et d'Investissement;;;
Hong Kong;;;;;;;;;;Crédit Agricole Suisse (Hong Kong);Gestion de l'Epargne et Assurances;;;
Hong Kong;;;;;;;;;;Newedge Broker Hong Kong Ltd.;Banque de Financement et d'Investissement;;;Société Cédée/perte de Contrôle
Hong Kong;;;;;;;;;;Newedge Financial Hong Kong Ltd.;Banque de Financement et d'Investissement;;;Société Cédée/perte de Contrôle
Hong Kong;;;;;;;;;;Newedge (Hong Kong);Banque de Financement et d'Investissement;;;Société Cédée/perte de Contrôle
Îles Caïmans;35 ;35 ;0 ;0 ;0 ;0;1;1;2;Crédit Agricole CIB (Îles Caïmans);Banque de Financement et d'Investissement;;;Entrée dans le périmètre
Îles Caïmans;;;;;;;;;;Semeru Asia Equity High Yield Fund;Banque de Financement et d'Investissement;;;Société Cédée/perte de Contrôle
Inde;46 ;31 ;-11 ;0 ;-11 ;127;2;2;4;Crédit Agricole CIB (Inde);Banque de Financement et d'Investissement;;;
Inde;;;;;;;;;;Crédit Agricole CIB Services Private Ltd.;Banque de Financement et d'Investissement;;;
Inde;;;;;;;;;;Newedge Broker India PTE Ltd.;Banque de Financement et d'Investissement;;;Société Cédée/perte de contrôle
Inde;;;;;;;;;;State Bank of India Fund Management;Gestion de l'Epargne et Assurances;37;;
Irlande;132 ;96 ;-5 ;1 ;-4 ;161;28;2;30;Ares Reinsurance Ltd.;Services Financiers Spécialisés;;;
Irlande;;;;;;;;;;CACEIS Bank Luxembourg (Dublin);Gestion de l'Epargne et Assurances;;;
Irlande;;;;;;;;;;CACEIS Ireland Limited;Gestion de l'Epargne et Assurances;;;
Irlande;;;;;;;;;;CACI LIFE LIMITED;Gestion de l'Epargne et Assurances;;;
Irlande;;;;;;;;;;CACI NON LIFE LIMITED;Gestion de l'Epargne et Assurances;;;
Irlande;;;;;;;;;;CACI Reinsurance Ltd.;Gestion de l'Epargne et Assurances;;;
Irlande;;;;;;;;;;FGA Capital Irland Plc;Services Financiers Spécialisés;50;;Changement de méthode de consolidation: IFRS 11
Irlande;;;;;;;;;;FGA Capital Re Limited;Services Financiers Spécialisés;50;;Changement de méthode de consolidation: IFRS 11
Irlande;;;;;;;;;;Premium GR 0% 28;Gestion de l'Epargne et Assurances;;;
Irlande;;;;;;;;;;Premium Green 4.52%06-21 EMTN;Gestion de l'Epargne et Assurances;;;
Irlande;;;;;;;;;;Premium Green 4.54%06-13.06.21;Gestion de l'Epargne et Assurances;;;
Irlande;;;;;;;;;;Premium Green 4.5575%21 EMTN;Gestion de l'Epargne et Assurances;;;
Irlande;;;;;;;;;;Premium Green 4.56%06-21;Gestion de l'Epargne et Assurances;;;
Irlande;;;;;;;;;;Premium Green 4.7% EMTN 08/08/21;Gestion de l'Epargne et Assurances;;;
Irlande;;;;;;;;;;Premium Green 4.72%12-250927;Gestion de l'Epargne et Assurances;;;
Irlande;;;;;;;;;;Premium Green PLC 4.30%2021;Gestion de l'Epargne et Assurances;;;
Irlande;;;;;;;;;;Premium Green TV 06/22;Gestion de l'Epargne et Assurances;;;
Irlande;;;;;;;;;;Premium Green TV 07/22;Gestion de l'Epargne et Assurances;;;
Irlande;;;;;;;;;;Premium Green TV 07-22;Gestion de l'Epargne et Assurances;;;
Irlande;;;;;;;;;;Premium Green TV 22;Gestion de l'Epargne et Assurances;;;
Irlande;;;;;;;;;;Premium Green TV 26/07/22;Gestion de l'Epargne et Assurances;;;
Irlande;;;;;;;;;;Premium Green TV06-16 EMTN;Gestion de l'Epargne et Assurances;;;
Irlande;;;;;;;;;;Premium Green TV07-17 EMTN;Gestion de l'Epargne et Assurances;;;
Irlande;;;;;;;;;;Premium Green TV2027;Gestion de l'Epargne et Assurances;;;
Irlande;;;;;;;;;;Premium Green TV23/05/2022 EMTN;Gestion de l'Epargne et Assurances;;;
Irlande;;;;;;;;;;Premium Green4.33%06-29/10/21;Gestion de l'Epargne et Assurances;;;
Irlande;;;;;;;;;;PREMIUM PLUS 0% 09-17 EMTN;Gestion de l'Epargne et Assurances;;;Modification du Seuil IFRS 10
Irlande;;;;;;;;;;PREMIUM PLUS PLC 0% 09-17;Gestion de l'Epargne et Assurances;;;Modification du Seuil IFRS 10
Irlande;;;;;;;;;;PREMIUM PLUS PLC 0% 09-17 IND;Gestion de l'Epargne et Assurances;;;Modification du Seuil IFRS 10
Irlande;;;;;;;;;;Space Holding (Ireland) Limited;Gestion de l'Epargne et Assurances;;;
Italie;2874 ;323 ;90 ;-199 ;-109 ;10463;19;4;23;Agos S.p.A.;Services Financiers Spécialisés;;;
Italie;;;;;;;;;;Amundi Corporate 3 Anni;Gestion de l'Epargne et Assurances;;;
Italie;;;;;;;;;;Amundi Real Estate Italia SGR S.p.A.;Gestion de l'Epargne et Assurances;;;
Italie;;;;;;;;;;Amundi SGR S.p.A;Gestion de l'Epargne et Assurances;;;
Italie;;;;;;;;;;Banca Popolare Friuladria S.p.A;Banque de Proximité à l'International;;;
Italie;;;;;;;;;;BCC Credito Consumo;Services Financiers Spécialisés;40;;
Italie;;;;;;;;;;CA Assicurazioni;Gestion de l'Epargne et Assurances;;;
Italie;;;;;;;;;;CACEIS Bank Luxembourg (Milan);Gestion de l'Epargne et Assurances;;;
Italie;;;;;;;;;;CACI DANNI ;Gestion de l'Epargne et Assurances;;;
Italie;;;;;;;;;;CACI VITA;Gestion de l'Epargne et Assurances;;;
Italie;;;;;;;;;;Calliope SRL;Banque de Financement et d'Investissement;;;
Italie;;;;;;;;;;Cariparma;Banque de Proximité à l'International;;;
Italie;;;;;;;;;;Carispezia;Banque de Proximité à l'International;;;
Italie;;;;;;;;;;Crédit Agricole CIB (Italie);Banque de Financement et d'Investissement;;;
Italie;;;;;;;;;;Crédit Agricole Leasing Italia;Services Financiers Spécialisés;;;
Italie;;;;;;;;;;Crédit Agricole Vita S.p.A;Gestion de l'Epargne et Assurances;;;
Italie;;;;;;;;;;Elipso Finance S.r.l.;Banque de Financement et d'Investissement;50;;Modification du Seuil IFRS 10
Italie;;;;;;;;;;Eurofactor Italia S.p.A;Services Financiers Spécialisés;;;
Italie;;;;;;;;;;FGA Capital S.p.A.;Services Financiers Spécialisés;50;;Changement de méthode de consolidation: IFRS 11
Italie;;;;;;;;;;Island Refinancing SRL;Banque de Financement et d'Investissement;;;
Italie;;;;;;;;;;Leasys S.p.A.;Services Financiers Spécialisés;50;;Changement de méthode de consolidation: IFRS 11
Italie;;;;;;;;;;Nexus 1;Gestion de l'Epargne et Assurances;;;Création
Italie;;;;;;;;;;Sagrantino Italy SRL;Banque de Financement et d'Investissement;;;
Japon;168 ;58 ;-5 ;-102 ;-107 ;447;6;2;8;Amundi Japan;Gestion de l'Epargne et Assurances;;;
Japon;;;;;;;;;;Amundi Japan Holding;Gestion de l'Epargne et Assurances;;;
Japon;;;;;;;;;;Amundi Japan Securities Cy Ltd.;Gestion de l'Epargne et Assurances;;;
Japon;;;;;;;;;;Crédit Agricole CIB (Japon);Banque de Financement et d'Investissement;;;
Japon;;;;;;;;;;Crédit Agricole Life Insurance Company Japan Ltd.;Gestion de l'Epargne et Assurances;;;
Japon;;;;;;;;;;Crédit Agricole Securities Asia B.V. (Tokyo);Banque de Financement et d'Investissement;;;
Japon;;;;;;;;;;Newedge Japan Inc.;Banque de Financement et d'Investissement;;;Société Cédée/Perte de Contrôle
Japon;;;;;;;;;;UBAF (Japon);Banque de Financement et d'Investissement;47;;Changement de méthode de consolidation: IFRS 11
Luxembourg;569 ;311 ;-53 ;0 ;-53 ;1315;37;0;37;AF INDEX EQ JAPAN AE CAP;Gestion de l'Epargne et Assurances;;;Création/Entité en IFRS 10
Luxembourg;;;;;;;;;;AF INDEX EQ USA A4E;Gestion de l'Epargne et Assurances;;;Création/Entité en IFRS 10
Luxembourg;;;;;;;;;;AMUNDI B EU COR AEC;Gestion de l'Epargne et Assurances;;;Franchissement de seuil/ IFRS 10
Luxembourg;;;;;;;;;;Amundi BOND GLOBAL CORP AE 3DEC;Gestion de l'Epargne et Assurances;;;Modification du Seuil IFRS 10
Luxembourg;;;;;;;;;;Amundi EQ E IN AHEC;Gestion de l'Epargne et Assurances;;;Modification du Seuil IFRS 10
Luxembourg;;;;;;;;;;Amundi Funds Equity Global Minimum Variance;Gestion de l'Epargne et Assurances;;;Changement de Consolidation: IFRS 10
Luxembourg;;;;;;;;;;AMUNDI GLOBAL SERVICING;Gestion de l'Epargne et Assurances;;;Franchissement de seuil
Luxembourg;;;;;;;;;;Amundi Luxembourg S.A.;Gestion de l'Epargne et Assurances;;;
Luxembourg;;;;;;;;;;Amundi Money Market Fund - Short Term (GBP);Gestion de l'Epargne et Assurances;;;Entrée dans le périmètre
Luxembourg;;;;;;;;;;Amundi Money Market Fund - Short Term (USD) - part OC;Gestion de l'Epargne et Assurances;;;Entrée dans le périmètre
Luxembourg;;;;;;;;;;Amundi Money Market Fund - Short Term (USD) - part OV;Gestion de l'Epargne et Assurances;;;Entrée dans le périmètre
Luxembourg;;;;;;;;;;CACEIS Bank Luxembourg;Gestion de l'Epargne et Assurances;;;
Luxembourg;;;;;;;;;;CAL Conseil;Banque de Financement et d'Investissement;;;
Luxembourg;;;;;;;;;;CONVERT.EUROP.AE;Gestion de l'Epargne et Assurances;;;Franchissement de seuil/IFRS 10
Luxembourg;;;;;;;;;;Crédit Agricole CIB (Luxembourg);Banque de Financement et d'Investissement;;;
Luxembourg;;;;;;;;;;Crédit Agricole Life Insurance Europe;Gestion de l'Epargne et Assurances;;;
Luxembourg;;;;;;;;;;Crédit Agricole Luxembourg;Gestion de l'Epargne et Assurances;;;
Luxembourg;;;;;;;;;;Crédit Agricole Private Banking Managment Company;Banque de Financement et d'Investissement;;;Création
Luxembourg;;;;;;;;;;Crédit Agricole Reinsurance S.A.;Gestion de l'Epargne et Assurances;;;
Luxembourg;;;;;;;;;;DGAD International SARL;Banque de Financement et d'Investissement;;;
Luxembourg;;;;;;;;;;DNA 0% 12-211220;Gestion de l'Epargne et Assurances;;;Modification du Seuil IFRS 10
Luxembourg;;;;;;;;;;DNA 0% 16/10/2020;Gestion de l'Epargne et Assurances;;;Modification du Seuil IFRS 10
Luxembourg;;;;;;;;;;DNA 0% 21/12/20 EMTN;Gestion de l'Epargne et Assurances;;;Modification du Seuil IFRS 10
Luxembourg;;;;;;;;;;DNA 0% 23/07/18 EMTN INDX;Gestion de l'Epargne et Assurances;;;Modification du Seuil IFRS 10
Luxembourg;;;;;;;;;;DNA 0% 27/06/18 INDX;Gestion de l'Epargne et Assurances;;;Modification du Seuil IFRS 10
Luxembourg;;;;;;;;;;DNA 0%11-231216 INDX;Gestion de l'Epargne et Assurances;;;Modification du Seuil IFRS 10
Luxembourg;;;;;;;;;;DNA 0%12-240418 INDX;Gestion de l'Epargne et Assurances;;;Modification du Seuil IFRS 10
Luxembourg;;;;;;;;;;FIA Net Europe;Activité Hors Métiers;;;
Luxembourg;;;;;;;;;;Immobilière Sirius S.A.;Banque de Financement et d'Investissement;;;
Luxembourg;;;;;;;;;;Indosuez Holding SCA II ;Banque de Financement et d'Investissement;;;
Luxembourg;;;;;;;;;;Indosuez  Management Luxembourg II;Banque de Financement et d'Investissement;;;
Luxembourg;;;;;;;;;;Investor Service House S.A.;Gestion de l'Epargne et Assurances;;;
Luxembourg;;;;;;;;;;JPM-US S E P-AEURA;Gestion de l'Epargne et Assurances;;;Société Cédée/Perte de contrôle
Luxembourg;;;;;;;;;;LRP - CPT JANVIER 2013 0.30 13-21 11/01A;Gestion de l'Epargne et Assurances;;;
Luxembourg;;;;;;;;;;Partinvest S.A.;Gestion de l'Epargne et Assurances;;;
Luxembourg;;;;;;;;;;Segemil ;Banque de Financement et d'Investissement;;;
Luxembourg;;;;;;;;;;Space Lux;Gestion de l'Epargne et Assurances;;;
Madagascar;;;;;;;0;1;1;BNI Madagascar;Banque de Proximité à l'International;;;Société cédée/Perte de contrôle
Malaisie;5 ;3 ;-1 ;0 ;-1 ;20;1;0;1;Amundi Malaysia Sdn Bhd;Gestion de l'Epargne et Assurances;;;
Maroc;185 ;34 ;-11 ;-1 ;-12 ;2522;2;2;4;Crédit du Maroc;Banque de Proximité à l'International;;;
Maroc;;;;;;;;;;Crédit du Maroc Leasing;Services Financiers Spécialisés;;;
Maroc;;;;;;;;;;Wafa Gestion;Gestion de l'Epargne et Assurances;34;;
Maroc;;;;;;;;;;Wafasalaf;Services Financiers Spécialisés;49;;
Maurice;3 ;0 ;0 ;0 ;0 ;181;1;0;1;TheoFinance LTD;Services Financiers Spécialisés;;;
Monaco;128 ;48 ;-2 ;0 ;-2 ;421;2;0;2;Crédit Foncier de Monaco;Gestion de l'Epargne et Assurances;;;
Monaco;;;;;;;;;;LCL Succursale de Monaco;Banque de Proximité en France;100 (vs 95);;Entrée dans le périmètre
Norvege;;;;;;;0;2;2;Finaref AS;Services Financiers Spécialisés;?;;Société cédée/perte de contrôle
Norvege;;;;;;;;;;Forso Norway;Services Financiers Spécialisés;50;;Co entreprise, mise en équivalence - Changement de méthode de consolidation: IFRS 11
Pays-Bas;119 ;33 ;-5 ;-3 ;-8 ;339;32;2;34;Aetran Administrative Dientverlening B.V.;Services Financiers Spécialisés;;;
Pays-Bas;;;;;;;;;;Amundi Nederland (Amsterdam);Gestion de l'Epargne et Assurances;;;
Pays-Bas;;;;;;;;;;Antera Incasso B.V.;Services Financiers Spécialisés;;;
Pays-Bas;;;;;;;;;;AssFibo Financieringen B.V. ;Services Financiers Spécialisés;;;
Pays-Bas;;;;;;;;;;CACEIS Bank Luxembourg (Amsterdam);Gestion de l'Epargne et Assurances;;;
Pays-Bas;;;;;;;;;;Crediet Maatschappij "De Ijssel" B.V.;Services Financiers Spécialisés;;;
Pays-Bas;;;;;;;;;;Crédit Agricole Consumer Finance Nederland;Services Financiers Spécialisés;;;
Pays-Bas;;;;;;;;;;Crédit Agricole Securities Asia B.V.;Banque de Financement et d'Investissement;;;
Pays-Bas;;;;;;;;;;De Kredietdesk B.V.;Services Financiers Spécialisés;;;
Pays-Bas;;;;;;;;;;Dealerservice B.V.;Services Financiers Spécialisés;;;
Pays-Bas;;;;;;;;;;DMC Groep N.V.;Services Financiers Spécialisés;;;
Pays-Bas;;;;;;;;;;DNV B.V.;Services Financiers Spécialisés;;;
Pays-Bas;;;;;;;;;;Eurofintus Financieringen B.V.;Services Financiers Spécialisés;;;
Pays-Bas;;;;;;;;;;Euroleenlijn B.V.;Services Financiers Spécialisés;;;
Pays-Bas;;;;;;;;;;FGA Capital Netherlands B.V.;Services Financiers Spécialisés;50;;
Pays-Bas;;;;;;;;;;Financieringsmaatschappij Mahuko N.V.;Services Financiers Spécialisés;;;
Pays-Bas;;;;;;;;;;Financierings Data Netwerk B.V.;Services Financiers Spécialisés;44;;Changement de méthode de consolidation: IFRS 11
Pays-Bas;;;;;;;;;;Finata Bank N.V.;Services Financiers Spécialisés;;;
Pays-Bas;;;;;;;;;;Finata Sparen N.V.;Services Financiers Spécialisés;;;
Pays-Bas;;;;;;;;;;Finata-Zuid Nederland B.V.;Services Financiers Spécialisés;;;
Pays-Bas;;;;;;;;;;IDM Finance B.V.;Services Financiers Spécialisés;;;
Pays-Bas;;;;;;;;;;IDM Financieringen B.V.;Services Financiers Spécialisés;;;
Pays-Bas;;;;;;;;;;IDM lease maatschappij N.V.;Services Financiers Spécialisés;;;
Pays-Bas;;;;;;;;;;lebe Lease B.V.;Services Financiers Spécialisés;;;
Pays-Bas;;;;;;;;;;InterBank N.V.;Services Financiers Spécialisés;;;
Pays-Bas;;;;;;;;;;J.J.P Akkerman Financieringen B.V.;Services Financiers Spécialisés;;;
Pays-Bas;;;;;;;;;;Krediet '78 B.V.;Services Financiers Spécialisés;;;
Pays-Bas;;;;;;;;;;Mahuko Financieringen B.V.;Services Financiers Spécialisés;;;
Pays-Bas;;;;;;;;;;Matriks N.V.;Services Financiers Spécialisés;;;
Pays-Bas;;;;;;;;;;Money Care B.V.;Services Financiers Spécialisés;;;
Pays-Bas;;;;;;;;;;NVF Voorschotbank B.V.;Services Financiers Spécialisés;;;
Pays-Bas;;;;;;;;;;Regio Kredietdesk B.V.;Services Financiers Spécialisés;;;
Pays-Bas;;;;;;;;;;Ribank;Services Financiers Spécialisés;;;
Pays-Bas;;;;;;;;;;VoordeelBank B.V.;Services Financiers Spécialisés;;;
Pologne;406 ;86 ;-38 ;12 ;-26 ;5623;11;2;13;Amundi Polska;Gestion de l'Epargne et Assurances;;;
Pologne;;;;;;;;;;CALI Europe Succursale Pologne;Gestion de l'Epargne et Assurances;;;
Pologne;;;;;;;;;;Carefleet S.A.;Services Financiers Spécialisés;;;
Pologne;;;;;;;;;;Crédit Agricole Bank Polska S.A.;Banque de Proximité à l'International;;;
Pologne;;;;;;;;;;Crédit Agricole Commercial Finance Polska S.A.;Services Financiers Spécialisés;;;
Pologne;;;;;;;;;;Crédit Agricole Polska S.A.;Banque de Proximité à l'International;;;
Pologne;;;;;;;;;;Crédit Agricole Service sp z o.o;Banque de Proximité à l'International;;;
Pologne;;;;;;;;;;EFL Finances S.A.;Services Financiers Spécialisés;;;
Pologne;;;;;;;;;;EFL Services;Services Financiers Spécialisés;;;
Pologne;;;;;;;;;;Europejski Fundusz Leasingowy (E.F.L.);Services Financiers Spécialisés;;;
Pologne;;;;;;;;;;FGA Bank Polska;Services Financiers Spécialisés;50;;Changement de méthode de consolidation: IFRS 11
Pologne;;;;;;;;;;FGA Leasing Polska;Services Financiers Spécialisés;50;;Changement de méthode de consolidation: IFRS 11
Pologne;;;;;;;;;;Lukas Finanse S.A.;Banque de Proximité à l'International;;;
Portugal;109 ;56 ;-16 ;-1 ;-17 ;424;3;4;7;BES (Banco Espirito Santo);Banque de Proximité à l'International;;;Société Cédée/Perte de Contrôle
Portugal;;;;;;;;;;Bespar;Banque de Proximité à l'International;;;Cessation d'activité
Portugal;;;;;;;;;;Credibom;Services Financiers Spécialisés;;;
Portugal;;;;;;;;;;Eurofactor S.A. (Portugal);Services Financiers Spécialisés;;;
Portugal;;;;;;;;;;FGA Capital IFIC;Services Financiers Spécialisés;50;;Changement de méthode de consolidation: IFRS 11
Portugal;;;;;;;;;;FGA Distribuidora;Services Financiers Spécialisés;50;;Changement de méthode de consolidation: IFRS 11
Portugal;;;;;;;;;;GNB Seguros (Anciennement BES Seguros);Gestion de l'Epargne et Assurances;;;
République Tchèque;16 ;-2 ;-2 ;0 ;-2 ;96;2;0;2;Credium;Services Financiers Spécialisés;;;
République Tchèque;;;;;;;;;;IKS KB;Gestion de l'Epargne et Assurances;;;
Roumanie ;10 ;-9 ;0 ;0 ;0 ;274;1;0;1;Crédit Agricole Romania;Banque de Proximité à l'International;;;
Royaume-Uni;651 ;291 ;-51 ;-31 ;-82 ;819;9;6;15;Amundi (UK) Ltd.;Gestion de l'Epargne et Assurances;;;
Royaume-Uni;;;;;;;;;;AMUNDI AI LONDON BRANCH;Gestion de l'Epargne et Assurances;;;
Royaume-Uni;;;;;;;;;;AMUNDI LONDON BRANCH;Gestion de l'Epargne et Assurances;;;
Royaume-Uni;;;;;;;;;;Calyce P.L.C;Banque de Financement et d'Investissement;;;
Royaume-Uni;;;;;;;;;;Crédit Agricole CIB (Royaume-Uni);Banque de Financement et d'Investissement;;;
Royaume-Uni;;;;;;;;;;Crédit Agricole CIB Holdings Ltd.;Banque de Financement et d'Investissement;;;
Royaume-Uni;;;;;;;;;;Cube Financial Holding Ltd.;Banque de Financement et d'Investissement;;;Cessation d'Activités
Royaume-Uni;;;;;;;;;;FGA Capital UK Ltd.;Services Financiers Spécialisés;50;;Changement de méthode de consolidation: IFRS 11
Royaume-Uni;;;;;;;;;;FGA Contracts UK Ltd.;Services Financiers Spécialisés;50;;Changement de méthode de consolidation: IFRS 11
Royaume-Uni;;;;;;;;;;FGA Wholesale UK Ltd.;Services Financiers Spécialisés;50;;Changement de méthode de consolidation: IFRS 11
Royaume-Uni;;;;;;;;;;Himalia P.L.C.;Banque de Financement et d'Investissement;;;
Royaume-Uni;;;;;;;;;;Newedge (Royaume-Uni);Banque de Financement et d'Investissement;;;Société Cédée/perte de contrôle
Royaume-Uni;;;;;;;;;;Newedge UK Financial Ltd.;Banque de Financement et d'Investissement;;;Société Cédée/perte de contrôle
Royaume-Uni;;;;;;;;;;New Theo;Services Financiers Spécialisés;;;
Royaume-Uni;;;;;;;;;;Succursale Crédit Agricole SA;Activité Hors Métiers;;;
Russie ;31 ;11 ;-2 ;0 ;-2 ;155;1;0;1;Crédit Agricole CIB ZAO Russia;Banque de Financement et d'Investissement;;;
Serbie;31 ;1 ;0 ;0 ;0 ;863;1;0;1;Crédit Agricole Banka Srbija a.d. Novi Sad;Banque de Proximité à l'International;;;
Singapour;151 ;56 ;-8 ;0 ;-8 ;417;3;1;4;Amundi Singapore Ltd.;Gestion de l'Epargne et Assurances;;;
Singapour;;;;;;;;;;Crédit Agricole CIB (Singapour);Banque de Financement et d'Investissement;;;
Singapour;;;;;;;;;;Crédit Agricole Suisse (Singapour);Gestion de l'Epargne et Assurances;;;
Singapour;;;;;;;;;;Newedge Financial Singapore Pte Ltd.;Banque de Financement et d'Investissement;;;Société cédée/perte de contrôle
Slovaquie;2 ;1 ;0 ;0 ;0 ;11;1;0;1;Credium Slovakia a.s.;Services Financiers Spécialisés;;;
Suède;21 ;8 ;-2 ;0 ;-2 ;38;1;3;4;Crédit Agricole CIB (Suède);Banque de Financement et d'Investissement;;;
Suède;;;;;;;;;;Finaref AB;Services Financiers Spécialisés;?;;Société cédée/perte de contrôle
Suède;;;;;;;;;;Forso Sweden;Services Financiers Spécialisés;50;;Changement de méthode de consolidation: IFRS 11
Suisse;370 ;53 ;-26 ;-1 ;-27 ;1180;5;4;9;Amundi Suisse ;Gestion de l'Epargne et Assurances;;;
Suisse ;;;;;;;;;;CACEIS Switzerland S.A.;Gestion de l'Epargne et Assurances;;;
Suisse ;;;;;;;;;;Crédit Agricole Financement;Banque de Proximité à l'International;36,4;;
Suisse ;;;;;;;;;;Crédit Agricole Suisse ;Gestion de l'Epargne et Assurances;;;
Suisse ;;;;;;;;;;Fidis Finance S.A.;Services Financiers Spécialisés;50;;Changement de méthode de consolidation: IFRS 11
Suisse ;;;;;;;;;;Finanziaria Indosuez International  Ltd.;Gestion de l'Epargne et Assurances;;;
Suisse ;;;;;;;;;;Newedge (Genève);Banque de Financement et d'Investissement;;;Société Cédée/Perte de Contrôle
Suisse ;;;;;;;;;;Newedge (Zurich);Banque de Financement et d'Investissement;;;Société Cédée/Perte de Contrôle
Suisse ;;;;;;;;;;TheoFinance AG;Services Financiers Spécialisés;;;Dissolution
Taïwan;33 ;11 ;-1 ;-1 ;-2 ;106;2;0;2;Crédit Agricole CIB (Taipei);Banque de Financement et d'Investissement;;;
Taïwan;;;;;;;;;;Crédit Agricole Securities Taiwan;Banque de Financement et d'Investissement;;;
Tunisie;;;;;;;0;1;1;Tunisie Factoring;Services Financiers Spécialisés;36,4;;Entreprise associée, mise en équivalence
Ukraine;125 ;4 ;-1 ;-3 ;-4 ;2450;1;0;1;PJSC Crédit Agricole;Banque de Proximité à l'International;;;
Uruguay;1 ;0 ;0 ;0 ;0 ;22;1;0;1;Theofinance SA;Services Financiers Spécialisés;;;
Vietnam;0 ;-3 ;0 ;0 ;0 ;0;1;0;1;Crédit Agricole CIB (Vietnam);Banque de Financement et d'Investissement;;;
